idEscola,Escola,Endere√ßo,Bairro,Telefone,RPA
1,ALMIRANTE SOARES DUTRA,CAMUTANGA 180 50090380,CABANGA,8133553880,1
2,ANA ROSA FALCAO DE CARVALHO,JOAO LYRA S/N 50050550,SANTO AMARO,8133556546,1
3,BOLSA ESCOLA MUNICIPAL,GENERAL ABREU E LIMA S/N 50040210,SANTO AMARO,,1
4,CAP - BLOCO A DEGEP,FREI MATIAS TEVIS S/N 50050470,ILHA DO LEITE,,1
5,CAP - BLOCO A DEGRE,FREI MATIAS TEVIS S/N 50050470,ILHA DO LEITE,,1
6,CAP - BLOCO B DEGRE,FREI MATIAS TEVIS S/N 50050470,ILHA DO LEITE,,1
7,CIDADAO HERBERT DE SOUZA,ARNOBIO MARQUES 310 CAMPUS UPE 50100130,SANTO AMARO,8133554080,1
8,COELHINHO PENSANTE,FATIMA TEIXEIRA S/N 50110400,SANTO AMARO,8133554340,1
9,CRECHE ESCOLA DEPUTADO ALCIDES TEIXEIRA,1193 50040200,SANTO AMARO,8133553422,1
10,DO COQUE,MIRANDOPOLIS 35 COQUE 50080320,ILHA JOANA BEZERRA,8133553636,1
11,DO PILAR,RUA DO OCIDENTE S/N 50030420,RECIFE,8133554082,1
12,DOS COELHOS,DOS COELHOS 591 BOA VISTA 50070555,COELHOS,8133553486,1
13,DOUTOR ALBERICO DORNELAS CAMARA,CAIS DO APOLO 925 50030903,RECIFE,8133559216,1
14,FREI TADEU GLASER,AGAMENON MAGALHAES 600 50110110,SANTO AMARO,8133553576,1
15,GENERAL EMIDIO DANTAS BARRETO,DA SAUDADE 303 50100200,SANTO AMARO,8133554061,1
16,LUTADORES DO BEM,CORONEL VIRGILIO DE MEDEIROS 269 50110400,SANTO AMARO,8133556318,1
17,MAEZINHA DO COQUE,GUAPIRAMA S/N 50080730,ILHA JOANA BEZERRA,8132322290,1
18,NOSSA SENHORA DO PILAR,ALFREDO LISBOA S/N 50030260,RECIFE,8133554528,1
19,NOVO MANGUE,AVENIDA CENTRAL 511 50080705,ILHA JOANA BEZERRA,8133554536,1
20,PAO DA VIDA,08 50080340,ILHA JOANA BEZERRA,8188119382,1
21,PCR - SECRETARIA DE EDUCACAO,DO APOLO 925 4? ANDAR 50050470,RECIFE,,1
22,PEDRO AUGUSTO,BARAO DE SAO BORJA 279 50070310,BOA VISTA,8133554170,1
23,PORTO DIGITAL DO RECIFE,50 50030140,RECIFE,8133556338,1
24,PROFESSOR FRANCISCO DO AMARAL LOPES,AGAMENON MAGALHAES S/N 50100010,SANTO AMARO,8185518327,1
25,PROFESSOR JOSE DA COSTA PORTO,CABO EUTROPIO 660 50090590,ILHA JOANA BEZERRA,81997172716,1
26,PROFESSOR JOSUE DE CASTRO,MARTIN LUTHER KING 368 COQUE 50080090,ILHA JOANA BEZERRA,8133553642,1
27,PROG MANUEL BANDEIRA DE FORMACAO DE LEITORES,FREI MATIAS TEVES S/N 50070450,COELHOS,8133555934,1
28,REITOR JOAO ALFREDO,SENADOR JOSE HENRIQUE 160 50070460,ILHA DO LEITE,8133553804,1
29,SANTO AMARO,NORTE 570 50100000,SANTO AMARO,8133553696,1
30,SAO DOMINGOS SAVIO,DOS CASADOS 164 50110520,SANTO AMARO,8133554862,1
31,SECRETARIA EXECUTIVA DE TECNOLOGIA CETEC,OLIVEIRA LIMA 824,BOA VISTA,8133555450,1
32,SEDE DA SABEDORIA,ARTEMIS 30 50110470,SANTO AMARO,8133553442,1
33,SERGIO LORETO,RUA DO MUNIZ S/N 50020068,SAO JOSE,8133553228,1
34,SITIO DO CEU,ANCHIETA 85 50110150,SANTO AMARO,8133554553,1
35,SOLDADO JOSE ANTONIO DO NASCIMENTO BOA VISTA,BENFICA 86 50070090,BOA VISTA,8199946677,1
36,UTEC JORNALISTA CRISTIANO DONATO,DA IMPERATRIZ TEREZA CRISTINA 182 50060120,BOA VISTA,8133553972,1
37,UTEC NOBREGA,OLIVEIRA LIMA 824 50050390,BOA VISTA,,1
38,UTEC SANTO AMARO,DA SAUDADE 303 50100200,SANTO AMARO,8133553800,1
39,VOVO ARTUR,BEIRA RIO S/N 50060670,COELHOS,8133554372,1
40,ALDA ROMEU,CORREGO DO DEODATO 685 52211250,AGUA FRIA,8133553490,2
41,ALTO DO MARACANA,VILA FLOR 356 52150141,DOIS UNIDOS,8133554887,2
42,ALTO DO PASCOAL,LADEIRA DE PEDRA 1265 52111430,AGUA FRIA,8133554221,2
43,ALTO SANTA TEREZINHA,ANIBAL BENEVOLO SN 52131000,BEBERIBE,8133553856,2
44,AME AS CRIANCAS,ARLINDO CISNEIROS 23 52111175,BOMBA DO HEMETERIO,8133553208,2
45,ANA MAURICIA WANDERLEY,JOAO UZEDA LUNA 813 52111310,AGUA FRIA,8133554890,2
46,ANITA PAES BARRETO,GERONCIO FALCAO 198 52221010,FUNDAO,8134984125,2
47,ANTONIO HERACLIO DO REGO,MANOEL SILVA 134 52120140,AGUA FRIA,8133554228,2
48,ANTONIO LUIZ,SAO JOAO BATISTA 134 52121080,AGUA FRIA,8133553792,2
49,ANTONIO LUIZ - ANEXO I,DAS MOCAS 1470 52121070,AGUA FRIA,8133553792,2
50,ANTONIO TIBURCIO,TAMBOARA 356 52211005,ALTO SANTA TEREZINHA,8133556873,2
51,CAJUEIRO,ALICE TIBIRICA 453 52221310,CAJUEIRO,8133556266,2
52,CAMPINA DO BARRETO,VIRGILIO DE MELO FRANCO 28 52221280,CAJUEIRO,8133554212,2
53,CENTRO EDUCACIONAL COMUNITARIO REDENCAO,25 52121270,CAMPINA DO BARRETO,8173322834,2
54,CENTRO EDUCACIONAL MAGNO DELAMADRI,361 52131532,LINHA DO TIRO,8132994996,2
55,CENTRO EDUCACIONAL MIRIAM IMELDA,79 A 52150060,DOIS UNIDOS,,2
56,CENTRO EDUCACIONAL MUNDO INFANTIL DO CHIE,126 52031475,CAMPO GRANDE,8183500758,2
57,COMPOSITOR CAPIBA,PROFESSOR OTHON PARAISO 375 52030252,TORREAO,8133553768,2
58,COMPOSITOR LEVINO FERREIRA,CORREGO JOSE GRANDE 1441 TERMINAL 52080040,ALTO JOSE BONIFACIO,8133554922,2
59,CRECHE CAMPINA DO BARRETO,S/N,PEIXINHOS,,2
60,CRECHE CORREGO DO DEODATO,S/N 52211150,AGUA FRIA,,2
61,CRECHE ESCOLA CORDEL INFANTIL - CECI,200 52121350,CAMPINA DO BARRETO,8199893568,2
62,CRECHE ESCOLA MUNICIPAL JOAO AMAZONAS,DA BELA VISTA 284 52140340,DOIS UNIDOS,8133554513,2
63,DE AGUA FRIA,DOS CRAVEIROS 500 52121370,CAMPINA DO BARRETO,8133554488,2
64,DE AGUA FRIA - ANEXO,OLIMPIO TORRES S/N 52121050,CAMPINA DO BARRETO,8133554489,2
65,DE BEBERIBE,MELANIO DE BARROS CORREIA 25 52131542,BEBERIBE,8133553652,2
66,DEUS E AMOR,LADEIRA DE PEDRA 395 52111430,AGUA FRIA,8133554216,2
67,DEUS E AMOR - ANEXO I,MANOEL LOPES SN 52111511,AGUA FRIA,8133554216,2
68,ENGENHEIRO EDINALDO MIRANDA DE OLIVEIRA,INACIO GALVAO DOS SANTOS 304 52041210,ENCRUZILHADA,8133553977,2
69,ESCOLA COMUNITARIA MARIA ESTEVAO,241 52140460,DOIS UNIDOS,8185953115,2
70,IRMA TEREZINHA BATISTA - ANEXO I,DOS CRAVEIROS 273 52121370,CAMPINA DO BARRETO,8133554954,2
71,IRMA TEREZINHA BATISTA PROJ NOVO VIVER,IGUATU S/N 52121030,CAMPINA DO BARRETO,8133553588,2
72,JOSEFINA MARINHO,CORREGO JOSE GRANDE 1316 52080040,ALTO JOSE DO PINHO,8133554962,2
73,LADJANE BANDEIRA,SEVERINO CARNEIRO 135 ALTPASCOAL 52211260,AGUA FRIA,8133556486,2
74,LUIZ LUA GONZAGA,AURILANDIA 54 52111622,BOMBA DO HEMETERIO,8133553860,2
75,MANOEL ANTONIO DE FREITAS,SAO JERONIMO 147 52191390,ALTO SANTA TEREZINHA,8192645224,2
76,MARIO MELO,OLIVEIRA FONSECA 318 52040250,CAMPO GRANDE,8133553713,2
77,MONSENHOR VIANA,TAGUATINGA S/N 52130260,BEBERIBE,8133554136,2
78,MONTEIRO LOBATO,JARDIM BRASILIA S/N LADO IMPAR 52040365,PEIXINHOS,8133553991,2
79,NASCEDOURO DE PEIXINHOS,JARDIM BRASILIA 275 52040365,PEIXINHOS,,2
80,NOVA AURORA,ANTONIO MEIRA 169 52111620,AGUA FRIA,8133554534,2
81,NOVO HORIZONTE,ANIBAL BENEVOLO 1045 52130220,AGUA FRIA,8133553422,2
82,OLINDINA MONTEIRO DE OLIVEIRA FRANCA,BELA VISTA 115 52140340,DOIS UNIDOS,8132327900,2
83,PASTOR PAULO LEIVAS MACALAO,ALTEROSA 27 52131410,LINHA DO TIRO,8133553418,2
84,PAULO VI,GUAIRA 200 52131210,LINHA DO TIRO,8133553965,2
85,POETA JONATAS BRAGA,SAO CAETANO 545 52031070,CAMPO GRANDE,8133553581,2
86,POETA SOLANO TRINDADE,MANOEL SILVA 134 52120520,AGUA FRIA,8133554186,2
87,PROF JANDIRA BOTELHO PEREIRA DA COSTA,FARIAS NEVES SN 52040320,CAMPO GRANDE,8192533406,2
88,PROFESSOR RICARDO GAMA,GUAIRA 160 52131210,LINHA DO TIRO,8133553690,2
89,PROFESSORA HELIA MARIA PEREIRA,ALICE GOMES 37 52031212,CAMPO GRANDE,8133553414,2
90,SANTA CECILIA,ALICE GOMES 49 52031212,CAMPO GRANDE,8133553841,2
91,SAO JOAO BATISTA,ANIBAL BENEVOLO 1800 FUNDAO 52130220,LINHA DO TIRO,8132327808,2
92,SERVICO SOCIAL DE BELEM,RODOLFO DE HOLANDA 248 52041260,ENCRUZILHADA,8191620752,2
93,TIA EMILIA,PEDRO BATISTA S/N 52150150,DOIS UNIDOS,8133556466,2
94,UNIDOS VENCEREMOS,CORREGO JOSE GRANDE 126A 52080040,ALTO SANTA TEREZINHA,8192667624,2
95,UTEC ITINERANTE DE INFORMATICA MOVEL 2,GUAIRA 160 52131210,LINHA DO TIRO,8133553023,2
96,UTEC MOVEL 1,MELANIO DE BARROS 54 51030230,BEBERIBE,8191479705,2
97,VILA IMPERIAL,PEDRO DE MELO PEDROSA 10 52120350,ARRUDA,8133554999,2
98,WALDEMAR DE SOUZA CABRAL,ANTONIO MEIRA 73 52111620,AGUA FRIA,8133556849,2
99,ZACARIAS DO REGO MACIEL,ANIBAL BENEVOLO 1536 A 52131000,LINHA DO TIRO,8133556925,2
100,ALTO DA GUABIRABA,PRESIDENTE COSTA E SILVA S/N 52291230,BREJO DA GUABIRABA,8133554036,3
101,ALTO DO REFUGIO - IVAN NEVES - ANEXO I,ALTO DO REFUGIO 255 52191100,BREJO DE BEBERIBE,8133556823,3
102,ALTO DO REFUGIO IVAN NEVES,ALTO DO REFUGIO 250 52191000,BREJO DE BEBERIBE,8133554468,3
103,ALTO JARDIM PROGRESSO,ALTO JARDIM PROGRESSO 300 52190510,NOVA DESCOBERTA,8133553430,3
104,ALTO JARDIM PROGRESSO - ANEXO I,SOBRAL PINTO 300 52190115,NOVA DESCOBERTA,8133554430,3
105,ARQUITETO ALEXANDRE MUNIZ DE OLIVEIRA,ALTO DO VENANCIO 120 52291023,CORREGO DO JENIPAPO,8133553579,3
106,ASSOCIACAO CONSTRUINDO A CIDADANIA/PROJETO AMOR E ESPERANCA,35 52191190,BREJO DE BEBERIBE,8199302643,3
107,ASSOCIACAO PAI E FILHOS DO SABER,1012 52091220,NOVA DESCOBERTA,8187690702,3
108,BOA ESPERANCA,PEDRA BONITA 80 52280524,VASCO DA GAMA,8133556482,3
109,BOLA NA REDE,DOUTOR ARTHUR ORLANDO DE ANDRADE BEZERRA 100 52490220,GUABIRABA,8191674563,3
110,BREJO DO BEBERIBE,1097 52081550,VASCO DA GAMA,8133554127,3
111,CECILIA MEIRELLES,MATER LINCH 189 MADRE 52090300,MACAXEIRA,8133554914,3
112,CELESTE VIDAL,JARDIM ELDORADO S/N 52291655,BREJO DA GUABIRABA,8133550212,3
113,CENTRO EDUCACIONAL CRISTO SALVA,370 52240140,MANGABEIRA,8183500758,3
114,CHICO SCIENCE,CATIGUA 112 52081110,VASCO DA GAMA,8192281580,3
115,CMEI CREUSA ARCOVERDE DE FREITAS CAVALCANTI,CONSELHEIRO NABUCO S/N 52070010,CASA AMARELA,8133553902,3
116,CORREGO DA AREIA,CORREGO DA AREIA 5449 52091220,NOVA DESCOBERTA,8192975522,3
117,CORREGO DA BICA,CORREGO DA BICA SN 52390030,PASSARINHO,8133554456,3
118,CORREGO DO EUCLIDES,CORREGO DO EUCLIDES 48 52280410,MORRO DA CONCEICAO,8133553494,3
119,CRECHE ESCOLA CLUBE DE MAES DOS MORADORES DO ALTO DO REFUGIO,468 52191100,NOVA DESCOBERTA,8186632044,3
120,CRECHE ESCOLA RECIFE ALTO DO MANDU,S/N 52071319,MONTEIRO,8133553853,3
121,CRECHE INSTITUTO TERNURA,102 52191240,BREJO DE BEBERIBE,8187311525,3
122,CRIANCA FELIZ,VISCONDE SA BANDEIRA S/N 52080365,ALTO JOSE BONIFACIO,8133554826,3
123,DA GUABIRABA,CASSITERITA 395 A 52291140,BREJO DA GUABIRABA,8133554200,3
124,DA GUABIRABA ANEXO II,CASSITERITA S/N 52291140,BREJO DA GUABIRABA,8133554200,3
125,DA MANGABEIRA,NICEAS ARCOVERDE GUSMAO S/N 52110260,MANGABEIRA,8191004334,3
126,DE ALTAS HABILIDADES E SUPERDOTACAO,CONEGO BARATA 195 52051020,TAMARINEIRA,8132653516,3
127,DE CASA AMARELA,CORREGO DA AREIA 287 52191040,MACAXEIRA,8192884414,3
128,DE SURDOCEGUEIRA E DEFICIENCIA MULTIPLA,CONEGO BARATA 195 52051020,TAMARINEIRA,8132653516,3
129,DE TRANSTORNO GLOBAL DO DESENVOLVIMENTO,CONEGO BARATA 195 52051020,TAMARINEIRA,8132653516,3
130,DEOCLECIANO OLIVEIRA DE LIMA,SANHARO 568 52091220,MACAXEIRA,8133554910,3
131,DEP FERNANDO SAMPAIO ANX I ANTONIO FELIX,COLINA DOS ANDES 105 52090255,NOVA DESCOBERTA,8133554930,3
132,DEPUTADO FERNANDO SAMPAIO,ALTO ANTONIO FELIX 105 52090255,NOVA DESCOBERTA,8133554930,3
133,DIACONO ABEL GUEIROS,NORTE MIGUEL ARRAES DE ALENCAR 7696 52090260,MACAXEIRA,8133553705,3
134,DOM HELDER CAMARA,MARQUES DO PARANA 320 52021050,ESPINHEIRO,8133553668,3
135,DOM JOSE LAMARTINE SOARES,ALTO DO EUCALIPTO S/N 52081070,VASCO DA GAMA,8133556302,3
136,DOM JOSE LAMARTINE SOARES - ANEXO I CVC,ALTO DO EUCALIPTO S/N 52081070,VASCO DA GAMA,8133556302,3
137,DONA CARMELITA MUNIZ DE ARAUJO,DA MUMBECA 100 52490005,GUABIRABA,8134375595,3
138,DOUTOR CAETE,ALVARANS 222 52190210,NOVA DESCOBERTA,8133554496,3
139,DRAOMIRO CHAVES AGUIAR,SANTA ISABEL 655 52070245,CASA AMARELA,8133554072,3
140,ESCOLA COMUNITARIA TOM E JERRY,82 52091220,NOVA DESCOBERTA,8185703438,3
141,ESCOLA NOSSA CASA DO CHAFARIZ - ENCC,243 52280041,MORRO DA CONCEICAO,8199685906,3
142,ESCOLA NOVO RUMO,410 52090475,MACAXEIRA,,3
143,FLOR DA COMUNIDADE,RUA 111 52280040,MORRO DA CONCEICAO,8133554838,3
144,FLOR DO BAIRRO DA GUABIRABA,CASSITERITA S/N 52291140,BREJO DA GUABIRABA,8133554842,3
145,HISTORIADOR FLAVIO GUERRA,ALTO DA TELHA 320 52390040,PASSARINHO,8133554504,3
146,HISTORIADOR FLAVIO GUERRA - ANEXO I,ALTO DA TELHA 320 52390040,PASSARINHO,8133554504,3
147,IRMA DULCE,ADALGISA 09 52021110,ESPINHEIRO,8133554295,3
148,JULIO VICENTE ALVES DE ARAU ANX I CERVAC,DA CONCEICAO 211 52280040,MORRO DA CONCEICAO,8133556918,3
149,JULIO VICENTE ALVES DE ARAUJO,DA CONCEICAO 468 52280255,MORRO DA CONCEICAO,8133556918,3
150,MARDONIO COELHO,SENADOR MILTON CAMPOS S/N 52081170,VASCO DA GAMA,8133553027,3
151,MARGARIDA DE SIQUEIRA PESSOA,CORREGO JOSE GRANDE 1307 52080040,ALTO JOSE BONIFACIO,8133554970,3
152,MARLUCE SANTIAGO DA SILVA,CONCRIZ S/N 52170010,PASSARINHO,8133554974,3
153,MARLUCE SANTIAGO DA SILVA - ANEXO I,GALO DE CAMPINA 211 52170020,PASSARINHO,8133554974,3
154,MAURICIO DE NASSAU,DOUTOR EURICO CHAVES 677 52071225,ALTO DO MANDU,8133556322,3
155,MENINO JESUS DE CASA FORTE,SAMUEL DE FARIAS 127 52060430,SANTANA,8132696094,3
156,MERCIA MARIA BEZERRA COSTA,VEREADOR OTACILIO AZEVEDO 1030 52081550,BREJO DE BEBERIBE,8132324526,3
157,MONTE DAS OLIVEIRAS,ALTO DA BRASILEIRA 07 52091260,NOVA DESCOBERTA,8133556278,3
158,MUNDO ESPERANCA,ESTRADA DOS PINTOS 900 52171050,SITIO DOS PINTOS,8133550067,3
159,NADIR COLACO,NORTE MIGUEL ARRAES DE ALENCAR 2173 52090260,MACAXEIRA,8133553971,3
160,NOSSA SENHORA DAS DORES,DOS CAETES 427 52071390,APIPUCOS,8192841269,3
161,NOSSA SENHORA DE FATIMA,ALTO DO RESERVATORIO 720 BREJO GUAB 52091210,NOVA DESCOBERTA,8133553257,3
162,NOVA DESCOBERTA,JORNALISTA WALDETE AGRA 100 52390000,PASSARINHO,8133553612,3
163,OCTAVIO DE MEIRA LINS,JOSE REBOUCAS 141 52081520,VASCO DA GAMA,8133553616,3
164,PADRE ANTONIO HENRIQUE,VISCONDESSA DO LIVRAMENTO 290 52010065,DERBY,8133553836,3
165,PADRE ANTONIO HENRIQUE ANEXO I,PAISSANDU 112 50070200,BOA VISTA,8133553837,3
166,PADRE DONINO,442 52061420,CASA FORTE,8133554138,3
167,PEDRINHO,BARAO DE BOTOVI S/N 52090080,NOVA DESCOBERTA,8133556857,3
168,PEDRO ALCANTARA,TRES MORROS 43 52091190,CORREGO DO JENIPAPO,8133556570,3
169,POETA JOAQUIM CARDOSO,CORREGO DA AREIA 950 52091220,NOVA DESCOBERTA,8199264825,3
170,PRESBITERO JOSE BEZERRA,NORTE 7636 52090260,MACAXEIRA,8133554011,3
171,PROFESSOR ADERBAL GALVAO,VASCO DA GAMA 399 52081030,VASCO DA GAMA,8133556980,3
172,PROFESSOR ARIANO VILAR SUASSUNA,DON MANUEL DE MEDEIROS S/N 52171900,DOIS IRMAOS,8133556300,3
173,PROFESSOR JOSE SOARES DA SILVA,BARAO DE BOTOVI 5785 52090080,NOVA DESCOBERTA,8133554086,3
174,PROFESSOR MAURO MOTA,ALTO DA BRASILEIRA S/N 52091260,NOVA DESCOBERTA,8133553844,3
175,PROFESSOR MOACYR DE ALBUQUERQUE,CORREGO DA AREIA S/N 52191040,NOVA DESCOBERTA,8199216018,3
176,PROFESSOR NILO PEREIRA,DO ARRAIAL 4900 52070230,CASA AMARELA,8192433411,3
177,PROFESSOR NILO PEREIRA ANEXO APAE,DO ARRAIAL 4744 52070230,MONTEIRO,8133553522,3
178,PROFESSORA ALMERINDA UMBELINO DE BARROS,VASCO DA GAMA S/N 52081030,VASCO DA GAMA,8191131316,3
179,RENATO ACCIOLY CARNEIRO CAMPOS,SANTA ROSA 140 52190110,NOVA DESCOBERTA,8133556590,3
180,ROZEMAR DE MACEDO LIMA,AVENIDA NORTE 5400 52280680,CASA AMARELA,8193193662,3
181,SANTA MARIA,ACAIACA 70 52210240,ALTO JOSE DO PINHO,8133554549,3
182,SANTA MARIA GORETTI,SANTA MARIA GORETTI 300 52280640,VASCO DA GAMA,8133556995,3
183,SAO CRISTOVAO,CASSITERITA 395 52291140,BREJO DA GUABIRABA,8133556013,3
184,SAO JOAO,DO CANAL 50 52071430,MACAXEIRA,8133554360,3
185,SEVERINA LIRA,DA BOA VONTADE 110 52110070,TAMARINEIRA,8133556958,3
186,SOCIOLOGO GILBERTO FREYRE,PROFESSOR CLAUDIO SELVA 350 52171269,DOIS IRMAOS,8133550072,3
187,UTEC LARGO DOM LUIS RPA 03,LARGO DOM LUIS S/N 52280210,VASCO DA GAMA,8133553908,3
188,UTEC MOVEL 3,DOM MANOEL DE MEDEIROS 52171900,DOIS IRMAOS,,3
189,UTEC SITIO TRINDADE,ESTRADA DO ARRAIAL 3259 52051380,CASA AMARELA,,3
190,VIRGEM PODEROSA,LEONARDO BEZERRA CAVALCANTI 116 52060035,PARNAMIRIM,8133554224,3
191,ALCIDES RESTELLI TEDESCO,FAUSTO CARDOSO 653 50720310,MADALENA,8133011836,4
192,ARRAIAL NOVO DO BOM JESUS,DO FORTE 1340 50640000,TORROES,8133554123,4
193,ASSOCIACAO CRISTA FEMININA,68 50710220,TORRE,8133553869,4
194,ASSOCIACAO INSTITUTO DE DESENVOLVIMENTO HUMANO MARIA LUCENA,43 50731125,CORDEIRO,8198816815,4
195,CASARAO DO BARBALHO,DO BARBALHO 1595 50800290,IPUTINGA,8133553864,4
196,CASINHA AZUL,SAO MATEUS S/N 50731370,IPUTINGA,8133556913,4
197,CELIA ARRAES,JOSE NOYA 131 50810360,VARZEA,8133554918,4
198,CENTRO COMUNITARIO SEMENTE DO MUNDO NOVO,179 50761150,TORROES,,4
199,CENTRO DE EDUCACAO COMUNITARIA GABRIELA FELIZ,23 50980460,CAXANGA,8134534797,4
200,CENTRO DE PROGRESSAO NOSSA SENHORA APARECIDA,160 50721330,CORDEIRO,8199844397,4
201,CENTRO DE PROGRESSAO NOSSA SENHORA APARECIDA - ANEXO I,383 50821080,CORDEIRO,8199605987,4
202,CMEI DARCY RIBEIRO,ODETE MONTEIRO 450 50711440,CORDEIRO,8132366048,4
203,CRECHE ESCOLA RECIFE MIGUEL ARRAES DE ALENCAR,ARISTONCIO DE OLIVEIRA 189 50690490,IPUTINGA,8199755526,4
204,CRECHE LUIZA ALMEIDA- AGMAT,1069 50640040,TORROES,8198514912,4
205,CRECHE MUNICIPAL CEAPE,COSTA SEPULVEDA 415 A 50730265,ENGENHO DO MEIO,8133554336,4
206,CRECHE MUNICIPAL DEUS E AMOR,EPAMINONDAS CRISTOVAO DE OLIVEIRA 395 50640520,TORROES,8133556274,4
207,CREUSA DE FREITAS CAVALCANTI,EPAMINONDAS CRISTOVAO DE OLIVEIRA S/N 50640520,TORROES,8133553938,4
208,DA IPUTINGA,CORONEL FERNANDO FURTADO 479 IPUTINGA 50731284,IPUTINGA,8133554097,4
209,DA TORRE,CANTORA CLARA NUNES S/N 50711550,TORRE,8133553334,4
210,DARCY RIBEIRO,ODETE MONTEIRO 450 50711440,CORDEIRO,8133554110,4
211,DINA DE OLIVEIRA,SAO MATEUS S/N 50731370,IPUTINGA,8133554204,4
212,DIVINO ESPIRITO SANTO,PRACA DA CAXANGA 127 50800210,VARZEA,8133553885,4
213,DO DOM,CORONEL PACHECO 115 50741120,VARZEA,8133554492,4
214,DOS TORROES,DOUTOR ANTONIO CORREIA DE OLIVEIRA 110 50761110,TORROES,8133556350,4
215,DOUTOR EBENEZER GUEIROS,DOUTOR ALUIZIO BALTAR 69 50680170,IPUTINGA,8133556912,4
216,DOUTOR RODOLFO AURELIANO,JOSE AVELAR 211 50810220,VARZEA,8133553996,4
217,DOUTOR SAMUEL GONCALVES,AUSTRO COSTA 227 50630360,PRADO,8133553453,4
218,E LUTANDO QUE SE CONQUISTA,SALVADOR ALLENDER 36 50711480,CORDEIRO,8133554834,4
219,EFAER PROF PAULO FREIRE,REAL DA TORRE 299 50610000,MADALENA,8133555851,4
220,ENGENHO DO MEIO,BOM PASTOR 1406 50670260,ENGENHO DO MEIO,8133553450,4
221,ESCOLA CORACAO DA INFANCIA,438 50720165,PRADO,8131260383,4
222,ESPERANCA,LEILA FELIX KARAN S/N 50761200,SAN MARTIN,8133556906,4
223,GERENCIA DE ALIMENTACAO,QUIPAPA 317 03905030,CAXANGA,,4
224,HENFIL,SEIS DE MARCO 10 50741180,VARZEA,81996352796,4
225,INSTITUO ESPIRITA SEMEADORES DA FE CRECHE LAR DA ESPERANCA DURVAL,90 50670560,IPUTINGA,8132726633,4
226,INSTITUTO CRIANCA FELIZ - INCRIFE,494,VARZEA,,4
227,INSTITUTO MARLENE ALMEIDA - IMA,294 50650420,TORROES,,4
228,INSTITUTO NOSSA SENHORA APARECIDA,410 50980410,VARZEA,8199708986,4
229,JADER FIGUEIREDO DE ANDRADE SILVA,MUCIO UCHOA CAVALCANTE 283 50730665,ENGENHO DO MEIO,8133553676,4
230,JADER FIGUEIREDO DE ANDRADE SILVA - ANEX,ANTONIO O CURADO 231 50730180,ENGENHO DO MEIO,8133553676,4
231,JOAO EUGENIO,GASPAR PEREZ 3895 50670350,IPUTINGA,8133553948,4
232,JOAO EUGENIO - ANX I- LAR SEM FRONTEIRAS,ESTEVAO DE SA 204 50740270,VARZEA,8133553949,4
233,JOAO PESSOA GUERRA,ISAAC BURIL 107 50740495,VARZEA,8133553980,4
234,JOAO XXIII,DO CAIARA 350 50731360,IPUTINGA,8133553876,4
235,LUA LUAR,MAURICIO DE NASSAU 42 50711445,IPUTINGA,8133556807,4
236,MAGALHAES BASTOS,FRANCISCO LACERDA S/N 50740150,VARZEA,8133556799,4
237,MARIA LUZINETE DA COSTA,190 50750230,ILHA DO RETIRO,8133554361,4
238,MENINO JESUS DA BOMBA GRANDE,NOSSA SENHORA DA SAUDE 479 IPUTINGA 50731020,IPUTINGA,8133553227,4
239,MERCIA DE ALBUQUERQUE FERREIRA,TABAIARES 182 50750230,ILHA DO RETIRO,8133554076,4
240,MIGUEL ARRAES RODA DE FOGO,S/N 50660330,TORROES,8133553231,4
241,NOSSA SENHORA AUXILIADORA,DOUTOR ANTONIO CORREIA DE OLIVEIRA 669 50761110,TORROES,8133554858,4
242,NOVA MORADA,ELIANE FRAGOSO DO NASCIMENTO 24 50980685,CAXANGA,8133553546,4
243,NOVA MORADA - ANEXO I,DEP JOSE FRANCISCO DE MELO CAVALCANTI 409 50980495,CAXANGA,8133553543,4
244,PAPA JOAO XXIII,GIRUA S/N V REDENCAO 50730540,ENGENHO DO MEIO,8133554402,4
245,PAROQUIAL CRISTO REI,DOM MANUEL DA COSTA S/N 50710380,TORRE,8133553575,4
246,PROF ELIZABETH SALES COUTINHO BARROS,PROFESSOR AVERTANO ROCHA 386 50076100,TORROES,8133554934,4
247,PROFESSOR JOAO BATISTA LIPPO NETO,BARAO DE CERRO LARGO S/N 50960460,VARZEA,8133550086,4
248,PROFESSOR JOAO FRANCISCO DE SOUZA,EXPEDICIONARIO JORGE DA COSTA LIMA 31 UR07 50970250,VARZEA,8133550101,4
249,PROFESSOR PAULO ROSAS,PROFESSOR LUIZ FREIRE SN 50740545,CIDADE UNIVERSITARIA,8121267073,4
250,RODA DE FOGO,OCIDENTAL 33 CASA 50721610,CORDEIRO,8133556935,4
251,ROSA SELVAGEM,PORTO SEGURO 470 UR7 50970165,VARZEA,8133553220,4
252,SANTA LUZIA,SOUZA BANDEIRA S/N 50711050,TORRE,8133556824,4
253,SAO DOMINGOS,SAO MATHEUS 364 50680000,IPUTINGA,8133553371,4
254,SEMENTINHA DO SKYLAB,ITAPARINGA SN 50680785,IPUTINGA,8133553680,4
255,SENADOR JOSE ERMIRIO DE MORAES,RORAIMA 30 UR07 50960120,VARZEA,8199301668,4
256,SITIO DO BERARDO,PROFESSOR LINS E SILVA S/N 50720380,MADALENA,8133553764,4
257,SITIO DO CARDOSO,PADRE LANDIM 390 50710470,MADALENA,8133554025,4
258,SOLDADO JOSE ANTONIO DO NASCIMENTO ANEXO,GUILHERME PINTO 246 52011210,MADALENA,81 32310936,4
259,UNIDADE EDUCACIONAL SEMEART,100 50800270,CAXANGA,8198439998,4
260,UTEC GREGORIO BEZERRA,PINTO DAMASIO 2005 S/N 50741000,VARZEA,8133554033,4
261,UTEC MOVEL RPA 4,BOM PASTOR 1406 50670260,ENGENHO DO MEIO,8133556947,4
262,VILA SANTA LUZIA,ELIZEU CAVALCANTI 52 50711180,CORDEIRO,8133553550,4
263,VINDE A MIM AS CRIANCINHAS,EDEIA S/N 50720750,MADALENA,8133554870,4
264,WALDIR SAVLUSCHINSKE,ALVARO TEIXEIRA MESQUITA S/N 50730660,ENGENHO DO MEIO,8133554090,4
265,ZUMBI DOS PALMARES,ENGENHEIRO VASCONCELOS BITTENCOURT 35 50740180,VARZEA,8133553934,4
266,ALTO DA BELA VISTA,ALTO DA BELA VISTA 338 50791180,COQUEIRAL,8133550121,5
267,ALTO DA BELA VISTA - ANEXO I,ALTO DA BELA VISTA 369 50791180,COQUEIRAL,8133550121,5
268,ANDRE DE MELO,MORAES E SILVA 180 50865100,ESTANCIA,8133553780,5
269,ANTONIO FARIAS FILHO,VINTE E UM DE ABRIL S/N 50761350,SAN MARTIN,8133554902,5
270,ASSOCIACAO DE MULHERES DE BEIRINHA,244 A 50860240,AREIAS,8197258734,5
271,BALBINA MENELAU,JOAO DE ANDRADE 82 50790070,JARDIM SAO PAULO,8133553992,5
272,BIDO KRAUSE,ONZE DE AGOSTO S/N 50791465,TOTO,8133550050,5
273,CASA DOS FERROVIARIOS,DR JOSE CORNELIO 84 50791010,COQUEIRAL,8133553556,5
274,CENTRO EDUCACIONAL CRECHE VOVO ROSA,480 50781735,JARDIM SAO PAULO,8181331437,5
275,CENTRO EDUCACIONAL SOCIAL E CULTURAL - CESC COQUEIRAL,327 50791130,COQUEIRAL,8197244808,5
276,CHICO MENDES,DO CAMPO S/N 50875251,CACOTE,8133554476,5
277,CLUBE DE MAES FUTURO DO AMANHA,03 50760690,SAN MARTIN,8187464778,5
278,CONSELHO DOS MORADORES DO JIQUIA,4579 50770070,JIQUIA,8185641679,5
279,CRECHE ESCOLA RECIFE DA ESTANCIA,PROFESSOR CALDAS FILHO 186 50771335,ESTANCIA,8132234160,5
280,CRECHE ESCOLA RECIFE GOVERNADOR MIGUEL ARRAES,DOUTOR GIL RODRIGUES DOS SANTOS 10 50860080,AREIAS,8133554105,5
281,CRECHE MUNICIPAL CHICO MENDES,SINDICATO DOS VIGILANTES 633 50875010,CACOTE,8133554822,5
282,CRECHE MUNICIPAL NOVO HORIZONTE,JOSE BEZERRA CAVALCANTI 244 50760370,MUSTARDINHA,8133556282,5
283,DA MANGUEIRA,21 DE ABRIL 1555 50820000,MANGUEIRA,8133553832,5
284,DE AFOGADOS,CERRO NEGRO 215 50770765,AFOGADOS,8133554830,5
285,DE TEJIPIO,TUTOIA 165 50930095,COQUEIRAL,8133556897,5
286,DO BARRO,GUIRAGIBE 117 50900395,BARRO,8133553584,5
287,DO BONGI,MAJOR MARIO PORTELA S/N 50751070,BONGI,8133554806,5
288,DO IRAQUE,HAVAI S/N 50771630,ESTANCIA,8133553387,5
289,DO PANTANAL,PADRE DIOGO 240 51345820,BARRO,8192608037,5
290,DO PANTANAL - ANEXO I,PADRE DIOGO RODRIGUES 35 51345820,BARRO,8192608037,5
291,DO PANTANAL - ANEXO II,PRESIDENTE MEDICE 115 51345710,BARRO,8192608037,5
292,DO SANCHO,JOAO FERREIRA 427 50920650,SANCHO,8133550863,5
293,DOM BOSCO,ALVENOPOLIS 600 QUADRA 50790200,JARDIM SAO PAULO,8133553848,5
294,DOS REMEDIOS,DO BONGI 91 50830260,PRADO,8133553459,5
295,DOUTOR ANTONIO CORREIA,MANOEL SALVADOR 360 50900120,BARRO,8133553868,5
296,EDITE BRAGA,NICOLAU PEREIRA 85 50770080,AFOGADOS,8133553692,5
297,ESCOLA SANTA LUZIA,PROFESSOR CALDAS FILHO 186 50771335,ESTANCIA,8133554484,5
298,FUTURO DO AMANHA,APULCRU DE ASSUNCAO 686 CASA 50761320,SAN MARTIN,8187003014,5
299,GENERAL SAN MARTIN,GENERAL SAN MARTIN 1864 50761000,SAN MARTIN,8133553956,5
300,GOVERNADOR MIGUEL ARRAES DE ALENCAR,TAPAJOS 419 50860015,ESTANCIA,8133553683,5
301,HUGO GERDAU,CORONEL MIZAEL DE MENDONCA S/N 50761425,SAN MARTIN,8186473764,5
302,INSTITUTO DE DESENVOLVIMENTO SOCIAL E CULTURAL - IDESC,338 50780240,AREIAS,8132523832,5
303,ISAAC PEREIRA DA SILVA,OITICICA LINS S/N 50870650,AREIAS,8133554012,5
304,ISABEL SILVANA DE MELO,AVENIDA DOZE DE JUNHO SN 51345003,BARRO,8194886367,5
305,JARDIM BOTANICO,ONZE DE AGOSTO CENTRO SOCIAL URBANO S/N BIDU KRAUS 50791480,TOTO,8133550320,5
306,JARDIM UCHOA,PALMARES 211 AREIAS 50780270,AREIAS,8133553620,5
307,MANOEL ROLIM,PAJUSSARA 57 50920120,TEJIPIO,8133554966,5
308,MANOEL ROLIM - ANEXO I,PAJUSSARA 60 CASA 50920120,JARDIM SAO PAULO,8192844330,5
309,MARECHAL RONDON,3305 50781350,TEJIPIO,8133550064,5
310,MAURICEIA DA SILVA DIAS,PRESIDENTE MEDICI 35 51345720,BARRO,8134865696,5
311,NOSSO SENHOR JESUS DO BONFIM,TEIXEIRA DE MELO 56 50865180,ESTANCIA,8133553812,5
312,PADRE JOSE DE ANCHIETA,CAPITAO ADOLFO TAQUIS S/N 50761001,MUSTARDINHA,8133554188,5
313,PADRE JOSE MATHIAS DELGADO,DOUTOR DEVALDO BORGES S/N 50910390,JARDIM SAO PAULO,8133553538,5
314,PARQUE DOS MILAGRES,CANTOR LEANDRO S/N 51275205,BARRO,8133556562,5
315,PARQUE DOS MILAGRES - ANEXO II,CANTOR CAPIBA 30 51275205,BARRO,8198780856,5
316,POETA CARLOS PENA FILHO,ITAMONTE 461 50810460,JARDIM SAO PAULO,8133554894,5
317,PRESIDENTE TANCREDO NEVES,DOUTOR JOSE RUFINO 1848 50900660,BARRO,8132322616,5
318,PROFESSOR ANTONIO DE BRITO ALVES,ERNESTO CAVALCANTI 41 50760002,MUSTARDINHA,8134482179,5
319,PROFESSOR POTIGUAR MATOS,VINTE E UM DE ABRIL 2191 50761350,SAN MARTIN,8133553054,5
320,PROFESSORA MARIA DA PAZ BRANDAO ALVES,DA FELICIDADE 51 50920683,SANCHO,8133554118,5
321,PROFESSORA PRIMITIVA DE BARROS SILVA,ATOR ELPIDIO CAMARA 122 50781590,JARDIM SAO PAULO,8133553446,5
322,RA CRECHE DE EDUCACAO INFANTIL,72 50781300,AREIAS,8191149012,5
323,RECIFE 2000,RIO SOLIMOES S/N 50780231,AREIAS,8133553776,5
324,SANTA EDWIGES,JURITI 41 50750590,AFOGADOS,8186036153,5
325,SANTO ANTONIO DO CACOTE,GUARACI 16 50870040,AREIAS,8133553580,5
326,SOCIEDADE BENEFICENTE MISTA 12 DE OUTUBRO,63 50870610,AREIAS,,5
327,TIA MADALENA,39 50790465,CURADO,8135555952,5
328,UTEC CORDEIRO/COMPAZ-ARIANO SUASSUNA,GEN. SAN MARTIN 1083 50630901,SAN MARTIN,,5
329,UTEC ITINERANTE DE INFORMATICA MOVEL 5,RUA DA FELICIDADE S/N 50940683,SANCHO,,5
330,VILA SAO MIGUEL,RUBIACEA 147 50770790,AFOGADOS,8133554052,5
331,WALDEMAR VALENTE,GASTAO DE CARVALHO 360 50790310,CURADO,8198628848,5
332,08 DE MARCO,ENGENHO BULHOES S/N 51230325,IBURA,8133554357,6
333,14 BIS,ALMIRANTE NELSO FERNANDES SN 51030230,BOA VIAGEM,8133550419,6
334,27 DE NOVEMBRO,DOZE DE JUNHO 1120 IBURA 51345003,COHAB,8133553534,6
335,ABILIO GOMES,BRUNO VELOZO S/N 51021280,BOA VIAGEM,8133553462,6
336,ALMOXARIFADO,SAO JOAO SANTOS FILHO 732 MURIBECA 54360030,BOA VIAGEM,,6
337,ARITANA,MANOEL CAVALCANTI BEZERRA 37 51160270,IMBIRIBEIRA,8133554332,6
338,ARTISTA PLASTICO CICERO DIAS,JOAO JOAQUIM DE MELO FILHO 290 UR 05 51300000,COHAB,8133556294,6
339,ASA BRANCA,MARIA ADELAIDE CASTELO BRANCO 55 COHAB 51290610,COHAB,8133556923,6
340,BEATO EUGENIO MAZENOD,LUXEMBURGO 303 51180260,IMBIRIBEIRA,8133556937,6
341,BERNARD VAN DER LEER,FRANCISCO VALPASSOS SN 51010370,BRASILIA TEIMOSA,8133556554,6
342,BRASILIA TEIMOSA,DELFIM 55 51010370,BRASILIA TEIMOSA,8133553204,6
343,CAPELA SANTO ANTONIO,SAO MARCOS S/N ILHA DEUS 51150192,IMBIRIBEIRA,8133554926,6
344,CARLUCIO DE SOUZA CASTANHA JUNIOR,PERNAMBUCO S/N UR 1 51280000,COHAB,8133553744,6
345,CENTRO SOCIAL GUARARAPES,33 51260230,JORDAO,8197234612,6
346,CICERO FRANKLIN CORDEIRO,FELIPE DOS SANTOS 111 UR 05 51320410,COHAB,8133553560,6
347,CLARICE LISPECTOR,S/N 51350380,IPSEP,8133550074,6
348,CMEI NOVO PINA,EURICO VITRUVIO S/N 51011140,PINA,8192696149,6
349,CRECHE BENEFICENTE AMIGUINHOS,176 51030810,BOA VIAGEM,8130312362,6
350,CRECHE BENEFICENTE SANTANA,293 51200080,IMBIRIBEIRA,8132232751,6
351,CRECHE COMUNITARIA NOSSA SENHORA DA BOA VIAGEM - ENTRA APULSO,430 51021280,BOA VIAGEM,8134669423,6
352,CRECHE CRISTO REI JORDAO ALTO,200 ALTO 51260390,JORDAO,8133556648,6
353,CRECHE ESCOLA CRISTO REI,RUA SERTANIA 200,JORDAO,,6
354,CRECHE ESCOLA RECIFE DO IBURA,EXPEDICIONARIO FRANCISCO VITORIANO S/N UR 10 51310000,COHAB,8133553076,6
355,CRECHE ILHA DE DEUS,S/N,IMBIRIBEIRA,,6
356,CRECHE IMBIRIBEIRA,96,IMBIRIBEIRA,,6
357,CRECHE MUNICIPAL DO JORDAO BAIXO,SAO JOSE DA LAGE 19 QUADRA 39 51240755,IBURA,8133554848,6
358,CRISTIANO CORDEIRO,SANTOS S/N UR2 51340210,COHAB,8133553796,6
359,DE DOIS RIOS,IRMA MARIA EVANGELISTA 83 51030330,COHAB,8133553600,6
360,DEPUTADO EDSON CANTARELLI,RUBINEIA 49 51240320,IBURA,8133553788,6
361,DO JORDAO,SILVA JARDIM 175 51250102,JORDAO,8133556901,6
362,DO LEAO,BRUNO VELOSO 300 51021280,BOA VIAGEM,8133553872,6
363,DONA LUCI SILVA LIMA,MONACO 1138 51180180,IMBIRIBEIRA,8133554333,6
364,EDUCADOR PAULO FREIRE,GENERAL BENTO DA GAMA 301 51350450,IPSEP,8133553952,6
365,ENGENHEIRO GUILHERME DINIZ,TEREZA MARGARIDA S/N 54230432,IBURA,8133553825,6
366,ENGENHEIRO HENOCH COUTINHO DE MELO,DAS OFICINAS 12 51011685,PINA,8133053342,6
367,ENGENHEIRO UMBERTO GONDIM,IVONETE FERREIRA DA SILVA 13 51011685,PINA,8133053465,6
368,ESCRITOR JOSUE DE CASTRO,CARAPEBA S/N 51010420,BRASILIA TEIMOSA,8133554241,6
369,ESTRELA DA MANHA,DANCING DAYS 135 51180340,IMBIRIBEIRA,8133554818,6
370,FERNANDO SANTA CRUZ,BOANERGES PEREIRA 437 51260000,JORDAO,8133554500,6
371,FLORESTAN FERNANDES,RIO NOVO DO SUL 541 54230150,IBURA,8133554938,6
372,FUTURO FELIZ,IBIRAJUBA 440 51330200,IBURA,8133554942,6
373,GOVERNADOR EDUARDO CAMPOS,VALE DO CARIRI S/N 51300000,COHAB,8133550421,6
374,GRUPO DE MAES DO IPSEP - CRECHE BRASIL,623 51350190,IPSEP,8132228574,6
375,IBURA DE BAIXO,RIO NOVO DO SUL 498 51230050,IBURA,8133554950,6
376,INES SOARES DE LIMA,14 DE NOVEMBRO S/N 51150380,IMBIRIBEIRA,8133554044,6
377,JARDIM MAURICEIA,NICOLAU COPERNICO 1107 51180130,IMBIRIBEIRA,8133553688,6
378,JARDIM MONTE VERDE,CHAPADA DO ARARIPE 51 MONT VERDE 51340255,COHAB,8133554959,6
379,JESUS DE NAZARE,ANGATUBA S/N 51240715,IBURA,8133556974,6
380,JORDAO BAIXO,GOVERNADOR ROBERTO SILVEIRA 51 51260340,JORDAO,8133556314,6
381,JORDAO BAIXO - ANEXO I,GOVERNADOR ROBERTO DA SILVEIRA 52 JORD BAIXO 51250340,JORDAO,8133556314,6
382,JOSE DE SOUZA FERRAZ,RUA JACUNDA 573 51350080,IPSEP,8133554767,6
383,JOSE MUCIO MONTEIRO,JOAO RIO BRANCO DE LIMA 125 51320540,COHAB,8133553609,6
384,KARLA PATRICIA,PROFESSOR EDUARDO WANDERLEY FILHO 700 51020170,BOA VIAGEM,8133554040,6
385,LAGOA ENCANTADA,DOUTOR BENIGNO JORDAO DE VASCONCELOS S/N LAGOA ENC. 51280400,COHAB,8133556315,6
386,LUIZ VAZ DE CAMOES,ERVAL 508 51350080,IPSEP,8133553941,6
387,MAESTRO NELSON FERREIRA,AVELINO CHAVES 176 51240230,IBURA,8198622295,6
388,MARGARIDA SERPA COSSART,MECEJANA 09 UR 2 51340610,COHAB,8133553649,6
389,MARIA ADELAIDE DE BARROS,ALTO ERVAL NOVO S/N COHAB UR10 51310090,COHAB,8133553434,6
390,MARIA DE SAMPAIO LUCENA,PERNAMBUCO S/N UR 01 51280000,COHAB,8133556586,6
391,MENINO JESUS,DOMINGOS FERREIRA S/N 51011051,PINA,8133553449,6
392,MILTON ALMEIDA DOS SANTOS,ITAUBA 2 227 51150370,IMBIRIBEIRA,8133554979,6
393,NOSSA SENHORA DA PENHA,FRANCISCO DE BARROS BARRETO 109 51021550,BOA VIAGEM,8133553564,6
394,NOVO PINA,EURICO VITRUVIO 236 51011140,PINA,8133554114,6
395,OSWALDO LIMA FILHO,ENGENHEIRO DOMINGOS FERREIRA 1040 51011050,PINA,8133553928,6
396,PADRE LOURENCO,CONDE PEREIRA CARNEIRO 172 51150310,IMBIRIBEIRA,8133553081,6
397,PAIS E FILHOS,DANCING DAYS 21 51180340,IMBIRIBEIRA,8133556498,6
398,PASTOR JOSE MUNGUBA SOBRINHO,SILVA JARDIM 145 50750080,JORDAO,8133554069,6
399,PAZ E AMOR,JORNALISTA EDSOU REGIS 216 51220000,IBURA,8199002445,6
400,PINTOR LULA CARDOSO AYRES,DR ALVARO FERRAZ 594 QUADRA P 51250350,JORDAO,8133556346,6
401,POETA JOAO CABRAL DE MELO NETO,ENCANTA MOCA 377 51011080,PINA,8133556306,6
402,POETA PAULO BANDEIRA DA CRUZ,DAS PANELAS 28 UR2 51340600,COHAB,8132323136,6
403,PROF JOSE LOURENCO DE LIMA,NOVA AMERICA 168 A BELA VIS 51240380,IBURA,8133556502,6
404,PROFESSOR ADAUTO PONTES,SERTANIA 35 ALTO 51260390,JORDAO,8133554990,6
405,PROFESSOR ENALDO MANOEL DE SOUZA,JURACY CAMARGO S/N ALTO 51260170,JORDAO,8133553624,6
406,PROFESSOR JULIO DE OLIVEIRA,DEZESSEIS S/N RUA 16 51150230,IMBIRIBEIRA,8133553510,6
407,PROFESSOR MANOEL TORRES,JOAQUIM PINHEIRO 225 51030771,IMBIRIBEIRA,8133553925,6
408,PROFESSOR ORLANDO PARAHYM,SOLDADO VIRGILIO LUCIO 104 UR4 1 TV. 51300160,COHAB,8133556002,6
409,PROFESSOR SIMOES BARBOSA,DOIS RIOS S/N 51230000,IBURA,8133553920,6
410,PROFESSOR SOLANO MAGALHAES,JEMIL ASFORA S/N 51110200,PINA,8133553985,6
411,PROFESSORA SONIA MARIA DE ARAUJO SOUZA,BODOCO 2526 BAIXO 51260090,JORDAO,8133554556,6
412,PROJETO SOCIAL MARIA AMELIA,163 51290500,COHAB,8199071001,6
413,SALETE MATIAS BORGES,S/N 51180260,IMBIRIBEIRA,8133553225,6
414,SAO FRANCISCO DE ASSIS,COSMORAMA 900 51030640,BOA VIAGEM,8133550029,6
415,SENADOR PAULO GUERRA,ENGENHO CANTO ALEGRE S/N 51150080,IMBIRIBEIRA,8133553291,6
416,SERRA DA PRATA,PESSEGUEIROS 20 UR 05 51330530,COHAB,8133556018,6
417,SEVERINA BERNADETE TEIXEIRA,IBICARE 120 3 CARNEIRO 51330110,COHAB,8133556023,6
418,SITIO GRANDE,PADRE CARLOS LEONCIO 123 51170400,IMBIRIBEIRA,8133553740,6
419,SONHO DE CRIANCA,TEOTONIO DE MELO FILHO 218 51220080,IBURA,8133556621,6
420,SONHO DO POVO,CORDILHEIRA S/N UR 01 51280000,COHAB,8133554364,6
421,TRES CARNEIROS,IBIRAJA 12 TRES CARNE 51330190,COHAB,8133556026,6
422,UR 05,DESEMBARGADOR THOMAZ CYRILO WANDERLEY 48 UR 05 51300441,COHAB,8133556030,6
423,UTEC MOVEL 6,ALMIRANTE NELSON FERNANDES S/N 51030230,BOA VIAGEM,8133550416,6
424,VILA DOS MILAGRES,SAO MIGUEL 14 MILAGRES 51345600,COHAB,8133554866,6
425,VILA OPERARIA DO RECIFE,EMILIO MONTEIRO FONSECA 1530 51240490,IBURA,8133556579,6
426,VILA SESAMO,VALE DO CARIRI 65 UR 05 51320180,COHAB,8133553160,6
427,ZILDA ARNS,ANTONIO PAES BARRETO S/N LOTE 1 Q K 51160170,IMBIRIBEIRA,8133554306,6
