idEscola,Escola,Endere√ßo,Bairro,Telefone,RPA,CEP,Latitude,Longitude
1,ALMIRANTE SOARES DUTRA,CAMUTANGA 180 ,CABANGA,8133553880,1,50090380,-8.078802,-34.895299082201085
2,ANA ROSA FALCAO DE CARVALHO,JOAO LYRA S/N ,SANTO AMARO,8133556546,1,50050550,,
3,BOLSA ESCOLA MUNICIPAL,GENERAL ABREU E LIMA S/N ,SANTO AMARO,,1,50040210,,
4,CAP - BLOCO A DEGEP,FREI MATIAS TEVIS S/N ,ILHA DO LEITE,,1,50050470,,
5,CAP - BLOCO A DEGRE,FREI MATIAS TEVIS S/N ,ILHA DO LEITE,,1,50050470,,
6,CAP - BLOCO B DEGRE,FREI MATIAS TEVIS S/N ,ILHA DO LEITE,,1,50050470,,
7,CIDADAO HERBERT DE SOUZA,ARNOBIO MARQUES 310 CAMPUS UPE ,SANTO AMARO,8133554080,1,50100130,,
8,COELHINHO PENSANTE,FATIMA TEIXEIRA S/N ,SANTO AMARO,8133554340,1,50110400,,
9,CRECHE ESCOLA DEPUTADO ALCIDES TEIXEIRA,1193 ,SANTO AMARO,8133553422,1,50040200,,
10,DO COQUE,MIRANDOPOLIS 35 COQUE ,ILHA JOANA BEZERRA,8133553636,1,50080320,,
11,DO PILAR,RUA DO OCIDENTE S/N ,RECIFE,8133554082,1,50030420,,
12,DOS COELHOS,DOS COELHOS 591 BOA VISTA ,COELHOS,8133553486,1,50070555,,
13,DOUTOR ALBERICO DORNELAS CAMARA,CAIS DO APOLO 925 ,RECIFE,8133559216,1,50030903,,
14,FREI TADEU GLASER,AGAMENON MAGALHAES 600 ,SANTO AMARO,8133553576,1,50110110,,
15,GENERAL EMIDIO DANTAS BARRETO,DA SAUDADE 303 ,SANTO AMARO,8133554061,1,50100200,,
16,LUTADORES DO BEM,CORONEL VIRGILIO DE MEDEIROS 269 ,SANTO AMARO,8133556318,1,50110400,,
17,MAEZINHA DO COQUE,GUAPIRAMA S/N ,ILHA JOANA BEZERRA,8132322290,1,50080730,,
18,NOSSA SENHORA DO PILAR,ALFREDO LISBOA S/N ,RECIFE,8133554528,1,50030260,,
19,NOVO MANGUE,AVENIDA CENTRAL 511 ,ILHA JOANA BEZERRA,8133554536,1,50080705,-8.074937349999999,-34.903662485070505
20,PAO DA VIDA,08 ,ILHA JOANA BEZERRA,8188119382,1,50080340,,
21,PCR - SECRETARIA DE EDUCACAO,DO APOLO 925 4? ANDAR ,RECIFE,,1,50050470,,
22,PEDRO AUGUSTO,BARAO DE SAO BORJA 279 ,BOA VISTA,8133554170,1,50070310,,
23,PORTO DIGITAL DO RECIFE,50 ,RECIFE,8133556338,1,50030140,,
24,PROFESSOR FRANCISCO DO AMARAL LOPES,AGAMENON MAGALHAES S/N ,SANTO AMARO,8185518327,1,50100010,,
25,PROFESSOR JOSE DA COSTA PORTO,CABO EUTROPIO 660 ,ILHA JOANA BEZERRA,81997172716,1,50090590,,
26,PROFESSOR JOSUE DE CASTRO,MARTIN LUTHER KING 368 COQUE ,ILHA JOANA BEZERRA,8133553642,1,50080090,-8.06954695,-34.89906723092512
27,PROG MANUEL BANDEIRA DE FORMACAO DE LEITORES,FREI MATIAS TEVES S/N ,COELHOS,8133555934,1,50070450,,
28,REITOR JOAO ALFREDO,SENADOR JOSE HENRIQUE 160 ,ILHA DO LEITE,8133553804,1,50070460,,
29,SANTO AMARO,NORTE 570 ,SANTO AMARO,8133553696,1,50100000,,
30,SAO DOMINGOS SAVIO,DOS CASADOS 164 ,SANTO AMARO,8133554862,1,50110520,,
31,SECRETARIA EXECUTIVA DE TECNOLOGIA CETEC,OLIVEIRA ,BOA VISTA,8133555450,1,,,
32,SEDE DA SABEDORIA,ARTEMIS 30 ,SANTO AMARO,8133553442,1,50110470,,
33,SERGIO LORETO,RUA DO MUNIZ S/N ,SAO JOSE,8133553228,1,50020068,,
34,SITIO DO CEU,ANCHIETA 85 ,SANTO AMARO,8133554553,1,50110150,,
35,SOLDADO JOSE ANTONIO DO NASCIMENTO BOA VISTA,BENFICA 86 ,BOA VISTA,8199946677,1,50070090,,
36,UTEC JORNALISTA CRISTIANO DONATO,DA IMPERATRIZ TEREZA CRISTINA 182 ,BOA VISTA,8133553972,1,50060120,,
37,UTEC NOBREGA,OLIVEIRA LIMA 824 ,BOA VISTA,,1,50050390,,
38,UTEC SANTO AMARO,DA SAUDADE 303 ,SANTO AMARO,8133553800,1,50100200,,
39,VOVO ARTUR,BEIRA RIO S/N ,COELHOS,8133554372,1,50060670,,
40,ALDA ROMEU,CORREGO DO DEODATO 685 ,AGUA FRIA,8133553490,2,52211250,,
41,ALTO DO MARACANA,VILA FLOR 356 ,DOIS UNIDOS,8133554887,2,52150141,,
42,ALTO DO PASCOAL,LADEIRA DE PEDRA 1265 ,AGUA FRIA,8133554221,2,52111430,,
43,ALTO SANTA TEREZINHA,ANIBAL BENEVOLO SN ,BEBERIBE,8133553856,2,52131000,,
44,AME AS CRIANCAS,ARLINDO CISNEIROS 23 ,BOMBA DO HEMETERIO,8133553208,2,52111175,,
45,ANA MAURICIA WANDERLEY,JOAO UZEDA LUNA 813 ,AGUA FRIA,8133554890,2,52111310,,
46,ANITA PAES BARRETO,GERONCIO FALCAO 198 ,FUNDAO,8134984125,2,52221010,-8.0148662,-34.88733107785505
47,ANTONIO HERACLIO DO REGO,MANOEL SILVA 134 ,AGUA FRIA,8133554228,2,52120140,-8.0187867,-34.88910428719666
48,ANTONIO LUIZ,SAO JOAO BATISTA 134 ,AGUA FRIA,8133553792,2,52121080,,
49,ANTONIO LUIZ - ANEXO I,DAS MOCAS 1470 ,AGUA FRIA,8133553792,2,52121070,,
50,ANTONIO TIBURCIO,TAMBOARA 356 ,ALTO SANTA TEREZINHA,8133556873,2,52211005,,
51,CAJUEIRO,ALICE TIBIRICA 453 ,CAJUEIRO,8133556266,2,52221310,,
52,CAMPINA DO BARRETO,VIRGILIO DE MELO FRANCO 28 ,CAJUEIRO,8133554212,2,52221280,,
53,CENTRO EDUCACIONAL COMUNITARIO REDENCAO,25 ,CAMPINA DO BARRETO,8173322834,2,52121270,,
54,CENTRO EDUCACIONAL MAGNO DELAMADRI,361 ,LINHA DO TIRO,8132994996,2,52131532,,
55,CENTRO EDUCACIONAL MIRIAM IMELDA,79 A ,DOIS UNIDOS,,2,52150060,,
56,CENTRO EDUCACIONAL MUNDO INFANTIL DO CHIE,126 ,CAMPO GRANDE,8183500758,2,52031475,,
57,COMPOSITOR CAPIBA,PROFESSOR OTHON PARAISO 375 ,TORREAO,8133553768,2,52030252,,
58,COMPOSITOR LEVINO FERREIRA,CORREGO JOSE GRANDE 1441 TERMINAL ,ALTO JOSE BONIFACIO,8133554922,2,52080040,,
59,CRECHE CAMPINA DO BARRETO,S/N,PEIXINHOS,,2,,,
60,CRECHE CORREGO DO DEODATO,S/N ,AGUA FRIA,,2,52211150,,
61,CRECHE ESCOLA CORDEL INFANTIL - CECI,200 ,CAMPINA DO BARRETO,8199893568,2,52121350,,
62,CRECHE ESCOLA MUNICIPAL JOAO AMAZONAS,DA BELA VISTA 284 ,DOIS UNIDOS,8133554513,2,52140340,,
63,DE AGUA FRIA,DOS CRAVEIROS 500 ,CAMPINA DO BARRETO,8133554488,2,52121370,,
64,DE AGUA FRIA - ANEXO,OLIMPIO TORRES S/N ,CAMPINA DO BARRETO,8133554489,2,52121050,,
65,DE BEBERIBE,MELANIO DE BARROS CORREIA 25 ,BEBERIBE,8133553652,2,52131542,,
66,DEUS E AMOR,LADEIRA DE PEDRA 395 ,AGUA FRIA,8133554216,2,52111430,,
67,DEUS E AMOR - ANEXO I,MANOEL LOPES SN ,AGUA FRIA,8133554216,2,52111511,,
68,ENGENHEIRO EDINALDO MIRANDA DE OLIVEIRA,INACIO GALVAO DOS SANTOS 304 ,ENCRUZILHADA,8133553977,2,52041210,,
69,ESCOLA COMUNITARIA MARIA ESTEVAO,241 ,DOIS UNIDOS,8185953115,2,52140460,,
70,IRMA TEREZINHA BATISTA - ANEXO I,DOS CRAVEIROS 273 ,CAMPINA DO BARRETO,8133554954,2,52121370,,
71,IRMA TEREZINHA BATISTA PROJ NOVO VIVER,IGUATU S/N ,CAMPINA DO BARRETO,8133553588,2,52121030,,
72,JOSEFINA MARINHO,CORREGO JOSE GRANDE 1316 ,ALTO JOSE DO PINHO,8133554962,2,52080040,,
73,LADJANE BANDEIRA,SEVERINO CARNEIRO 135 ALTPASCOAL ,AGUA FRIA,8133556486,2,52211260,,
74,LUIZ LUA GONZAGA,AURILANDIA 54 ,BOMBA DO HEMETERIO,8133553860,2,52111622,,
75,MANOEL ANTONIO DE FREITAS,SAO JERONIMO 147 ,ALTO SANTA TEREZINHA,8192645224,2,52191390,,
76,MARIO MELO,OLIVEIRA FONSECA 318 ,CAMPO GRANDE,8133553713,2,52040250,-8.0284112,-34.8795781558516
77,MONSENHOR VIANA,TAGUATINGA S/N ,BEBERIBE,8133554136,2,52130260,,
78,MONTEIRO LOBATO,JARDIM BRASILIA S/N LADO IMPAR ,PEIXINHOS,8133553991,2,52040365,,
79,NASCEDOURO DE PEIXINHOS,JARDIM BRASILIA 275 ,PEIXINHOS,,2,52040365,,
80,NOVA AURORA,ANTONIO MEIRA 169 ,AGUA FRIA,8133554534,2,52111620,,
81,NOVO HORIZONTE,ANIBAL BENEVOLO 1045 ,AGUA FRIA,8133553422,2,52130220,,
82,OLINDINA MONTEIRO DE OLIVEIRA FRANCA,BELA VISTA 115 ,DOIS UNIDOS,8132327900,2,52140340,,
83,PASTOR PAULO LEIVAS MACALAO,ALTEROSA 27 ,LINHA DO TIRO,8133553418,2,52131410,,
84,PAULO VI,GUAIRA 200 ,LINHA DO TIRO,8133553965,2,52131210,,
85,POETA JONATAS BRAGA,SAO CAETANO 545 ,CAMPO GRANDE,8133553581,2,52031070,,
86,POETA SOLANO TRINDADE,MANOEL SILVA 134 ,AGUA FRIA,8133554186,2,52120520,,
87,PROF JANDIRA BOTELHO PEREIRA DA COSTA,FARIAS NEVES SN ,CAMPO GRANDE,8192533406,2,52040320,,
88,PROFESSOR RICARDO GAMA,GUAIRA 160 ,LINHA DO TIRO,8133553690,2,52131210,,
89,PROFESSORA HELIA MARIA PEREIRA,ALICE GOMES 37 ,CAMPO GRANDE,8133553414,2,52031212,,
90,SANTA CECILIA,ALICE GOMES 49 ,CAMPO GRANDE,8133553841,2,52031212,-8.0368998,-34.880444828295026
91,SAO JOAO BATISTA,ANIBAL BENEVOLO 1800 FUNDAO ,LINHA DO TIRO,8132327808,2,52130220,,
92,SERVICO SOCIAL DE BELEM,RODOLFO DE HOLANDA 248 ,ENCRUZILHADA,8191620752,2,52041260,-8.03248505,-34.89424157361702
93,TIA EMILIA,PEDRO BATISTA S/N ,DOIS UNIDOS,8133556466,2,52150150,,
94,UNIDOS VENCEREMOS,CORREGO JOSE GRANDE 126A ,ALTO SANTA TEREZINHA,8192667624,2,52080040,,
95,UTEC ITINERANTE DE INFORMATICA MOVEL 2,GUAIRA 160 ,LINHA DO TIRO,8133553023,2,52131210,,
96,UTEC MOVEL 1,MELANIO DE BARROS 54 ,BEBERIBE,8191479705,2,51030230,,
97,VILA IMPERIAL,PEDRO DE MELO PEDROSA 10 ,ARRUDA,8133554999,2,52120350,,
98,WALDEMAR DE SOUZA CABRAL,ANTONIO MEIRA 73 ,AGUA FRIA,8133556849,2,52111620,,
99,ZACARIAS DO REGO MACIEL,ANIBAL BENEVOLO 1536 A ,LINHA DO TIRO,8133556925,2,52131000,,
100,ALTO DA GUABIRABA,PRESIDENTE COSTA E SILVA S/N ,BREJO DA GUABIRABA,8133554036,3,52291230,,
101,ALTO DO REFUGIO - IVAN NEVES - ANEXO I,ALTO DO REFUGIO 255 ,BREJO DE BEBERIBE,8133556823,3,52191100,,
102,ALTO DO REFUGIO IVAN NEVES,ALTO DO REFUGIO 250 ,BREJO DE BEBERIBE,8133554468,3,52191000,,
103,ALTO JARDIM PROGRESSO,ALTO JARDIM PROGRESSO 300 ,NOVA DESCOBERTA,8133553430,3,52190510,,
104,ALTO JARDIM PROGRESSO - ANEXO I,SOBRAL PINTO 300 ,NOVA DESCOBERTA,8133554430,3,52190115,,
105,ARQUITETO ALEXANDRE MUNIZ DE OLIVEIRA,ALTO DO VENANCIO 120 ,CORREGO DO JENIPAPO,8133553579,3,52291023,,
106,ASSOCIACAO CONSTRUINDO A CIDADANIA/PROJETO AMOR E ESPERANCA,35 ,BREJO DE BEBERIBE,8199302643,3,52191190,,
107,ASSOCIACAO PAI E FILHOS DO SABER,1012 ,NOVA DESCOBERTA,8187690702,3,52091220,,
108,BOA ESPERANCA,PEDRA BONITA 80 ,VASCO DA GAMA,8133556482,3,52280524,-8.01872215,-34.919933348660535
109,BOLA NA REDE,DOUTOR ARTHUR ORLANDO DE ANDRADE BEZERRA 100 ,GUABIRABA,8191674563,3,52490220,,
110,BREJO DO BEBERIBE,1097 ,VASCO DA GAMA,8133554127,3,52081550,,
111,CECILIA MEIRELLES,MATER LINCH 189 MADRE ,MACAXEIRA,8133554914,3,52090300,,
112,CELESTE VIDAL,JARDIM ELDORADO S/N ,BREJO DA GUABIRABA,8133550212,3,52291655,,
113,CENTRO EDUCACIONAL CRISTO SALVA,370 ,MANGABEIRA,8183500758,3,52240140,,
114,CHICO SCIENCE,CATIGUA 112 ,VASCO DA GAMA,8192281580,3,52081110,,
115,CMEI CREUSA ARCOVERDE DE FREITAS CAVALCANTI,CONSELHEIRO NABUCO S/N ,CASA AMARELA,8133553902,3,52070010,,
116,CORREGO DA AREIA,CORREGO DA AREIA 5449 ,NOVA DESCOBERTA,8192975522,3,52091220,,
117,CORREGO DA BICA,CORREGO DA BICA SN ,PASSARINHO,8133554456,3,52390030,,
118,CORREGO DO EUCLIDES,CORREGO DO EUCLIDES 48 ,MORRO DA CONCEICAO,8133553494,3,52280410,,
119,CRECHE ESCOLA CLUBE DE MAES DOS MORADORES DO ALTO DO REFUGIO,468 ,NOVA DESCOBERTA,8186632044,3,52191100,,
120,CRECHE ESCOLA RECIFE ALTO DO MANDU,S/N ,MONTEIRO,8133553853,3,52071319,,
121,CRECHE INSTITUTO TERNURA,102 ,BREJO DE BEBERIBE,8187311525,3,52191240,,
122,CRIANCA FELIZ,VISCONDE SA BANDEIRA S/N ,ALTO JOSE BONIFACIO,8133554826,3,52080365,,
123,DA GUABIRABA,CASSITERITA 395 A ,BREJO DA GUABIRABA,8133554200,3,52291140,,
124,DA GUABIRABA ANEXO II,CASSITERITA S/N ,BREJO DA GUABIRABA,8133554200,3,52291140,,
125,DA MANGABEIRA,NICEAS ARCOVERDE GUSMAO S/N ,MANGABEIRA,8191004334,3,52110260,,
126,DE ALTAS HABILIDADES E SUPERDOTACAO,CONEGO BARATA 195 ,TAMARINEIRA,8132653516,3,52051020,,
127,DE CASA AMARELA,CORREGO DA AREIA 287 ,MACAXEIRA,8192884414,3,52191040,,
128,DE SURDOCEGUEIRA E DEFICIENCIA MULTIPLA,CONEGO BARATA 195 ,TAMARINEIRA,8132653516,3,52051020,,
129,DE TRANSTORNO GLOBAL DO DESENVOLVIMENTO,CONEGO BARATA 195 ,TAMARINEIRA,8132653516,3,52051020,,
130,DEOCLECIANO OLIVEIRA DE LIMA,SANHARO 568 ,MACAXEIRA,8133554910,3,52091220,,
131,DEP FERNANDO SAMPAIO ANX I ANTONIO FELIX,COLINA DOS ANDES 105 ,NOVA DESCOBERTA,8133554930,3,52090255,,
132,DEPUTADO FERNANDO SAMPAIO,ALTO ANTONIO FELIX 105 ,NOVA DESCOBERTA,8133554930,3,52090255,,
133,DIACONO ABEL GUEIROS,NORTE MIGUEL ARRAES DE ALENCAR 7696 ,MACAXEIRA,8133553705,3,52090260,-8.0144987,-34.93124468503167
134,DOM HELDER CAMARA,MARQUES DO PARANA 320 ,ESPINHEIRO,8133553668,3,52021050,-8.041126049999999,-34.88820704567913
135,DOM JOSE LAMARTINE SOARES,ALTO DO EUCALIPTO S/N ,VASCO DA GAMA,8133556302,3,52081070,,
136,DOM JOSE LAMARTINE SOARES - ANEXO I CVC,ALTO DO EUCALIPTO S/N ,VASCO DA GAMA,8133556302,3,52081070,,
137,DONA CARMELITA MUNIZ DE ARAUJO,DA MUMBECA 100 ,GUABIRABA,8134375595,3,52490005,,
138,DOUTOR CAETE,ALVARANS 222 ,NOVA DESCOBERTA,8133554496,3,52190210,,
139,DRAOMIRO CHAVES AGUIAR,SANTA ISABEL 655 ,CASA AMARELA,8133554072,3,52070245,,
140,ESCOLA COMUNITARIA TOM E JERRY,82 ,NOVA DESCOBERTA,8185703438,3,52091220,,
141,ESCOLA NOSSA CASA DO CHAFARIZ - ENCC,243 ,MORRO DA CONCEICAO,8199685906,3,52280041,,
142,ESCOLA NOVO RUMO,410 ,MACAXEIRA,,3,52090475,,
143,FLOR DA COMUNIDADE,RUA 111 ,MORRO DA CONCEICAO,8133554838,3,52280040,,
144,FLOR DO BAIRRO DA GUABIRABA,CASSITERITA S/N ,BREJO DA GUABIRABA,8133554842,3,52291140,,
145,HISTORIADOR FLAVIO GUERRA,ALTO DA TELHA 320 ,PASSARINHO,8133554504,3,52390040,-7.9853663,-34.929916822391704
146,HISTORIADOR FLAVIO GUERRA - ANEXO I,ALTO DA TELHA 320 ,PASSARINHO,8133554504,3,52390040,,
147,IRMA DULCE,ADALGISA 09 ,ESPINHEIRO,8133554295,3,52021110,,
148,JULIO VICENTE ALVES DE ARAU ANX I CERVAC,DA CONCEICAO 211 ,MORRO DA CONCEICAO,8133556918,3,52280040,,
149,JULIO VICENTE ALVES DE ARAUJO,DA CONCEICAO 468 ,MORRO DA CONCEICAO,8133556918,3,52280255,,
150,MARDONIO COELHO,SENADOR MILTON CAMPOS S/N ,VASCO DA GAMA,8133553027,3,52081170,,
151,MARGARIDA DE SIQUEIRA PESSOA,CORREGO JOSE GRANDE 1307 ,ALTO JOSE BONIFACIO,8133554970,3,52080040,,
152,MARLUCE SANTIAGO DA SILVA,CONCRIZ S/N ,PASSARINHO,8133554974,3,52170010,,
153,MARLUCE SANTIAGO DA SILVA - ANEXO I,GALO DE CAMPINA 211 ,PASSARINHO,8133554974,3,52170020,,
154,MAURICIO DE NASSAU,DOUTOR EURICO CHAVES 677 ,ALTO DO MANDU,8133556322,3,52071225,,
155,MENINO JESUS DE CASA FORTE,SAMUEL DE FARIAS 127 ,SANTANA,8132696094,3,52060430,,
156,MERCIA MARIA BEZERRA COSTA,VEREADOR OTACILIO AZEVEDO 1030 ,BREJO DE BEBERIBE,8132324526,3,52081550,,
157,MONTE DAS OLIVEIRAS,ALTO DA BRASILEIRA 07 ,NOVA DESCOBERTA,8133556278,3,52091260,,
158,MUNDO ESPERANCA,ESTRADA DOS PINTOS 900 ,SITIO DOS PINTOS,8133550067,3,52171050,-8.01412655,-34.95655971015015
159,NADIR COLACO,NORTE MIGUEL ARRAES DE ALENCAR 2173 ,MACAXEIRA,8133553971,3,52090260,,
160,NOSSA SENHORA DAS DORES,DOS CAETES 427 ,APIPUCOS,8192841269,3,52071390,,
161,NOSSA SENHORA DE FATIMA,ALTO DO RESERVATORIO 720 BREJO GUAB ,NOVA DESCOBERTA,8133553257,3,52091210,,
162,NOVA DESCOBERTA,JORNALISTA WALDETE AGRA 100 ,PASSARINHO,8133553612,3,52390000,,
163,OCTAVIO DE MEIRA LINS,JOSE REBOUCAS 141 ,VASCO DA GAMA,8133553616,3,52081520,,
164,PADRE ANTONIO HENRIQUE,VISCONDESSA DO LIVRAMENTO 290 ,DERBY,8133553836,3,52010065,,
165,PADRE ANTONIO HENRIQUE ANEXO I,PAISSANDU 112 ,BOA VISTA,8133553837,3,50070200,,
166,PADRE DONINO,442 ,CASA FORTE,8133554138,3,52061420,,
167,PEDRINHO,BARAO DE BOTOVI S/N ,NOVA DESCOBERTA,8133556857,3,52090080,,
168,PEDRO ALCANTARA,TRES MORROS 43 ,CORREGO DO JENIPAPO,8133556570,3,52091190,-8.00227145,-34.937566685201766
169,POETA JOAQUIM CARDOSO,CORREGO DA AREIA 950 ,NOVA DESCOBERTA,8199264825,3,52091220,-8.001249600000001,-34.93085582567801
170,PRESBITERO JOSE BEZERRA,NORTE 7636 ,MACAXEIRA,8133554011,3,52090260,,
171,PROFESSOR ADERBAL GALVAO,VASCO DA GAMA 399 ,VASCO DA GAMA,8133556980,3,52081030,,
172,PROFESSOR ARIANO VILAR SUASSUNA,DON MANUEL DE MEDEIROS S/N ,DOIS IRMAOS,8133556300,3,52171900,,
173,PROFESSOR JOSE SOARES DA SILVA,BARAO DE BOTOVI 5785 ,NOVA DESCOBERTA,8133554086,3,52090080,,
174,PROFESSOR MAURO MOTA,ALTO DA BRASILEIRA S/N ,NOVA DESCOBERTA,8133553844,3,52091260,,
175,PROFESSOR MOACYR DE ALBUQUERQUE,CORREGO DA AREIA S/N ,NOVA DESCOBERTA,8199216018,3,52191040,,
176,PROFESSOR NILO PEREIRA,DO ARRAIAL 4900 ,CASA AMARELA,8192433411,3,52070230,,
177,PROFESSOR NILO PEREIRA ANEXO APAE,DO ARRAIAL 4744 ,MONTEIRO,8133553522,3,52070230,,
178,PROFESSORA ALMERINDA UMBELINO DE BARROS,VASCO DA GAMA S/N ,VASCO DA GAMA,8191131316,3,52081030,,
179,RENATO ACCIOLY CARNEIRO CAMPOS,SANTA ROSA 140 ,NOVA DESCOBERTA,8133556590,3,52190110,,
180,ROZEMAR DE MACEDO LIMA,AVENIDA NORTE 5400 ,CASA AMARELA,8193193662,3,52280680,,
181,SANTA MARIA,ACAIACA 70 ,ALTO JOSE DO PINHO,8133554549,3,52210240,,
182,SANTA MARIA GORETTI,SANTA MARIA GORETTI 300 ,VASCO DA GAMA,8133556995,3,52280640,,
183,SAO CRISTOVAO,CASSITERITA 395 ,BREJO DA GUABIRABA,8133556013,3,52291140,-7.99328,-34.935353169027806
184,SAO JOAO,DO CANAL 50 ,MACAXEIRA,8133554360,3,52071430,,
185,SEVERINA LIRA,DA BOA VONTADE 110 ,TAMARINEIRA,8133556958,3,52110070,,
186,SOCIOLOGO GILBERTO FREYRE,PROFESSOR CLAUDIO SELVA 350 ,DOIS IRMAOS,8133550072,3,52171269,,
187,UTEC LARGO DOM LUIS RPA 03,LARGO DOM LUIS S/N ,VASCO DA GAMA,8133553908,3,52280210,,
188,UTEC MOVEL 3,DOM MANOEL DE MEDEIROS ,DOIS IRMAOS,,3,52171900,,
189,UTEC SITIO TRINDADE,ESTRADA DO ARRAIAL 3259 ,CASA AMARELA,,3,52051380,,
190,VIRGEM PODEROSA,LEONARDO BEZERRA CAVALCANTI 116 ,PARNAMIRIM,8133554224,3,52060035,-8.03613335,-34.90837438772589
191,ALCIDES RESTELLI TEDESCO,FAUSTO CARDOSO 653 ,MADALENA,8133011836,4,50720310,,
192,ARRAIAL NOVO DO BOM JESUS,DO FORTE 1340 ,TORROES,8133554123,4,50640000,,
193,ASSOCIACAO CRISTA FEMININA,68 ,TORRE,8133553869,4,50710220,,
194,ASSOCIACAO INSTITUTO DE DESENVOLVIMENTO HUMANO MARIA LUCENA,43 ,CORDEIRO,8198816815,4,50731125,,
195,CASARAO DO BARBALHO,DO BARBALHO 1595 ,IPUTINGA,8133553864,4,50800290,,
196,CASINHA AZUL,SAO MATEUS S/N ,IPUTINGA,8133556913,4,50731370,,
197,CELIA ARRAES,JOSE NOYA 131 ,VARZEA,8133554918,4,50810360,-8.0391953,-34.95885430346064
198,CENTRO COMUNITARIO SEMENTE DO MUNDO NOVO,179 ,TORROES,,4,50761150,,
199,CENTRO DE EDUCACAO COMUNITARIA GABRIELA FELIZ,23 ,CAXANGA,8134534797,4,50980460,,
200,CENTRO DE PROGRESSAO NOSSA SENHORA APARECIDA,160 ,CORDEIRO,8199844397,4,50721330,,
201,CENTRO DE PROGRESSAO NOSSA SENHORA APARECIDA - ANEXO I,383 ,CORDEIRO,8199605987,4,50821080,,
202,CMEI DARCY RIBEIRO,ODETE MONTEIRO 450 ,CORDEIRO,8132366048,4,50711440,,
203,CRECHE ESCOLA RECIFE MIGUEL ARRAES DE ALENCAR,ARISTONCIO DE OLIVEIRA 189 ,IPUTINGA,8199755526,4,50690490,,
204,CRECHE LUIZA ALMEIDA- AGMAT,1069 ,TORROES,8198514912,4,50640040,,
205,CRECHE MUNICIPAL CEAPE,COSTA SEPULVEDA 415 A ,ENGENHO DO MEIO,8133554336,4,50730265,,
206,CRECHE MUNICIPAL DEUS E AMOR,EPAMINONDAS CRISTOVAO DE OLIVEIRA 395 ,TORROES,8133556274,4,50640520,,
207,CREUSA DE FREITAS CAVALCANTI,EPAMINONDAS CRISTOVAO DE OLIVEIRA S/N ,TORROES,8133553938,4,50640520,,
208,DA IPUTINGA,CORONEL FERNANDO FURTADO 479 IPUTINGA ,IPUTINGA,8133554097,4,50731284,,
209,DA TORRE,CANTORA CLARA NUNES S/N ,TORRE,8133553334,4,50711550,,
210,DARCY RIBEIRO,ODETE MONTEIRO 450 ,CORDEIRO,8133554110,4,50711440,-8.0456495,-34.92079142446033
211,DINA DE OLIVEIRA,SAO MATEUS S/N ,IPUTINGA,8133554204,4,50731370,,
212,DIVINO ESPIRITO SANTO,PRACA DA CAXANGA 127 ,VARZEA,8133553885,4,50800210,,
213,DO DOM,CORONEL PACHECO 115 ,VARZEA,8133554492,4,50741120,,
214,DOS TORROES,DOUTOR ANTONIO CORREIA DE OLIVEIRA 110 ,TORROES,8133556350,4,50761110,,
215,DOUTOR EBENEZER GUEIROS,DOUTOR ALUIZIO BALTAR 69 ,IPUTINGA,8133556912,4,50680170,,
216,DOUTOR RODOLFO AURELIANO,JOSE AVELAR 211 ,VARZEA,8133553996,4,50810220,-8.0421636,-34.9562445085796
217,DOUTOR SAMUEL GONCALVES,AUSTRO COSTA 227 ,PRADO,8133553453,4,50630360,,
218,E LUTANDO QUE SE CONQUISTA,SALVADOR ALLENDER 36 ,CORDEIRO,8133554834,4,50711480,,
219,EFAER PROF PAULO FREIRE,REAL DA TORRE 299 ,MADALENA,8133555851,4,50610000,,
220,ENGENHO DO MEIO,BOM PASTOR 1406 ,ENGENHO DO MEIO,8133553450,4,50670260,,
221,ESCOLA CORACAO DA INFANCIA,438 ,PRADO,8131260383,4,50720165,,
222,ESPERANCA,LEILA FELIX KARAN S/N ,SAN MARTIN,8133556906,4,50761200,,
223,GERENCIA DE ALIMENTACAO,QUIPAPA 317 ,CAXANGA,,4,03905030,,
224,HENFIL,SEIS DE MARCO 10 ,VARZEA,81996352796,4,50741180,-8.045483950000001,-34.95362585970665
225,INSTITUO ESPIRITA SEMEADORES DA FE CRECHE LAR DA ESPERANCA DURVAL,90 ,IPUTINGA,8132726633,4,50670560,,
226,INSTITUTO CRIANCA FELIZ - INCRIFE,494,VARZEA,,4,,,
227,INSTITUTO MARLENE ALMEIDA - IMA,294 ,TORROES,,4,50650420,,
228,INSTITUTO NOSSA SENHORA APARECIDA,410 ,VARZEA,8199708986,4,50980410,,
229,JADER FIGUEIREDO DE ANDRADE SILVA,MUCIO UCHOA CAVALCANTE 283 ,ENGENHO DO MEIO,8133553676,4,50730665,,
230,JADER FIGUEIREDO DE ANDRADE SILVA - ANEX,ANTONIO O CURADO 231 ,ENGENHO DO MEIO,8133553676,4,50730180,,
231,JOAO EUGENIO,GASPAR PEREZ 3895 ,IPUTINGA,8133553948,4,50670350,,
232,JOAO EUGENIO - ANX I- LAR SEM FRONTEIRAS,ESTEVAO DE SA 204 ,VARZEA,8133553949,4,50740270,,
233,JOAO PESSOA GUERRA,ISAAC BURIL 107 ,VARZEA,8133553980,4,50740495,,
234,JOAO XXIII,DO CAIARA 350 ,IPUTINGA,8133553876,4,50731360,,
235,LUA LUAR,MAURICIO DE NASSAU 42 ,IPUTINGA,8133556807,4,50711445,,
236,MAGALHAES BASTOS,FRANCISCO LACERDA S/N ,VARZEA,8133556799,4,50740150,,
237,MARIA LUZINETE DA COSTA,190 ,ILHA DO RETIRO,8133554361,4,50750230,,
238,MENINO JESUS DA BOMBA GRANDE,NOSSA SENHORA DA SAUDE 479 IPUTINGA ,IPUTINGA,8133553227,4,50731020,,
239,MERCIA DE ALBUQUERQUE FERREIRA,TABAIARES 182 ,ILHA DO RETIRO,8133554076,4,50750230,,
240,MIGUEL ARRAES RODA DE FOGO,S/N ,TORROES,8133553231,4,50660330,,
241,NOSSA SENHORA AUXILIADORA,DOUTOR ANTONIO CORREIA DE OLIVEIRA 669 ,TORROES,8133554858,4,50761110,,
242,NOVA MORADA,ELIANE FRAGOSO DO NASCIMENTO 24 ,CAXANGA,8133553546,4,50980685,,
243,NOVA MORADA - ANEXO I,DEP JOSE FRANCISCO DE MELO CAVALCANTI 409 ,CAXANGA,8133553543,4,50980495,,
244,PAPA JOAO XXIII,GIRUA S/N V REDENCAO ,ENGENHO DO MEIO,8133554402,4,50730540,,
245,PAROQUIAL CRISTO REI,DOM MANUEL DA COSTA S/N ,TORRE,8133553575,4,50710380,,
246,PROF ELIZABETH SALES COUTINHO BARROS,PROFESSOR AVERTANO ROCHA 386 ,TORROES,8133554934,4,50076100,,
247,PROFESSOR JOAO BATISTA LIPPO NETO,BARAO DE CERRO LARGO S/N ,VARZEA,8133550086,4,50960460,,
248,PROFESSOR JOAO FRANCISCO DE SOUZA,EXPEDICIONARIO JORGE DA COSTA LIMA 31 UR07 ,VARZEA,8133550101,4,50970250,,
249,PROFESSOR PAULO ROSAS,PROFESSOR LUIZ FREIRE SN ,CIDADE UNIVERSITARIA,8121267073,4,50740545,,
250,RODA DE FOGO,OCIDENTAL 33 CASA ,CORDEIRO,8133556935,4,50721610,,
251,ROSA SELVAGEM,PORTO SEGURO 470 UR7 ,VARZEA,8133553220,4,50970165,,
252,SANTA LUZIA,SOUZA BANDEIRA S/N ,TORRE,8133556824,4,50711050,,
253,SAO DOMINGOS,SAO MATHEUS 364 ,IPUTINGA,8133553371,4,50680000,,
254,SEMENTINHA DO SKYLAB,ITAPARINGA SN ,IPUTINGA,8133553680,4,50680785,,
255,SENADOR JOSE ERMIRIO DE MORAES,RORAIMA 30 UR07 ,VARZEA,8199301668,4,50960120,,
256,SITIO DO BERARDO,PROFESSOR LINS E SILVA S/N ,MADALENA,8133553764,4,50720380,,
257,SITIO DO CARDOSO,PADRE LANDIM 390 ,MADALENA,8133554025,4,50710470,,
258,SOLDADO JOSE ANTONIO DO NASCIMENTO ANEXO,GUILHERME PINTO 246 ,MADALENA,81 32310936,4,52011210,,
259,UNIDADE EDUCACIONAL SEMEART,100 ,CAXANGA,8198439998,4,50800270,,
260,UTEC GREGORIO BEZERRA,PINTO DAMASIO 2005 S/N ,VARZEA,8133554033,4,50741000,,
261,UTEC MOVEL RPA 4,BOM PASTOR 1406 ,ENGENHO DO MEIO,8133556947,4,50670260,,
262,VILA SANTA LUZIA,ELIZEU CAVALCANTI 52 ,CORDEIRO,8133553550,4,50711180,,
263,VINDE A MIM AS CRIANCINHAS,EDEIA S/N ,MADALENA,8133554870,4,50720750,,
264,WALDIR SAVLUSCHINSKE,ALVARO TEIXEIRA MESQUITA S/N ,ENGENHO DO MEIO,8133554090,4,50730660,,
265,ZUMBI DOS PALMARES,ENGENHEIRO VASCONCELOS BITTENCOURT 35 ,VARZEA,8133553934,4,50740180,-8.04094795,-34.951822693311456
266,ALTO DA BELA VISTA,ALTO DA BELA VISTA 338 ,COQUEIRAL,8133550121,5,50791180,,
267,ALTO DA BELA VISTA - ANEXO I,ALTO DA BELA VISTA 369 ,COQUEIRAL,8133550121,5,50791180,,
268,ANDRE DE MELO,MORAES E SILVA 180 ,ESTANCIA,8133553780,5,50865100,,
269,ANTONIO FARIAS FILHO,VINTE E UM DE ABRIL S/N ,SAN MARTIN,8133554902,5,50761350,,
270,ASSOCIACAO DE MULHERES DE BEIRINHA,244 A ,AREIAS,8197258734,5,50860240,,
271,BALBINA MENELAU,JOAO DE ANDRADE 82 ,JARDIM SAO PAULO,8133553992,5,50790070,-8.083244350000001,-34.949617998076306
272,BIDO KRAUSE,ONZE DE AGOSTO S/N ,TOTO,8133550050,5,50791465,,
273,CASA DOS FERROVIARIOS,DR JOSE CORNELIO 84 ,COQUEIRAL,8133553556,5,50791010,,
274,CENTRO EDUCACIONAL CRECHE VOVO ROSA,480 ,JARDIM SAO PAULO,8181331437,5,50781735,,
275,CENTRO EDUCACIONAL SOCIAL E CULTURAL - CESC COQUEIRAL,327 ,COQUEIRAL,8197244808,5,50791130,,
276,CHICO MENDES,DO CAMPO S/N ,CACOTE,8133554476,5,50875251,,
277,CLUBE DE MAES FUTURO DO AMANHA,03 ,SAN MARTIN,8187464778,5,50760690,,
278,CONSELHO DOS MORADORES DO JIQUIA,4579 ,JIQUIA,8185641679,5,50770070,,
279,CRECHE ESCOLA RECIFE DA ESTANCIA,PROFESSOR CALDAS FILHO 186 ,ESTANCIA,8132234160,5,50771335,,
280,CRECHE ESCOLA RECIFE GOVERNADOR MIGUEL ARRAES,DOUTOR GIL RODRIGUES DOS SANTOS 10 ,AREIAS,8133554105,5,50860080,,
281,CRECHE MUNICIPAL CHICO MENDES,SINDICATO DOS VIGILANTES 633 ,CACOTE,8133554822,5,50875010,,
282,CRECHE MUNICIPAL NOVO HORIZONTE,JOSE BEZERRA CAVALCANTI 244 ,MUSTARDINHA,8133556282,5,50760370,,
283,DA MANGUEIRA,21 DE ABRIL 1555 ,MANGUEIRA,8133553832,5,50820000,,
284,DE AFOGADOS,CERRO NEGRO 215 ,AFOGADOS,8133554830,5,50770765,,
285,DE TEJIPIO,TUTOIA 165 ,COQUEIRAL,8133556897,5,50930095,,
286,DO BARRO,GUIRAGIBE 117 ,BARRO,8133553584,5,50900395,,
287,DO BONGI,MAJOR MARIO PORTELA S/N ,BONGI,8133554806,5,50751070,,
288,DO IRAQUE,HAVAI S/N ,ESTANCIA,8133553387,5,50771630,,
289,DO PANTANAL,PADRE DIOGO 240 ,BARRO,8192608037,5,51345820,,
290,DO PANTANAL - ANEXO I,PADRE DIOGO RODRIGUES 35 ,BARRO,8192608037,5,51345820,,
291,DO PANTANAL - ANEXO II,PRESIDENTE MEDICE 115 ,BARRO,8192608037,5,51345710,,
292,DO SANCHO,JOAO FERREIRA 427 ,SANCHO,8133550863,5,50920650,,
293,DOM BOSCO,ALVENOPOLIS 600 QUADRA ,JARDIM SAO PAULO,8133553848,5,50790200,,
294,DOS REMEDIOS,DO BONGI 91 ,PRADO,8133553459,5,50830260,,
295,DOUTOR ANTONIO CORREIA,MANOEL SALVADOR 360 ,BARRO,8133553868,5,50900120,,
296,EDITE BRAGA,NICOLAU PEREIRA 85 ,AFOGADOS,8133553692,5,50770080,-8.079123500000001,-34.90501738222544
297,ESCOLA SANTA LUZIA,PROFESSOR CALDAS FILHO 186 ,ESTANCIA,8133554484,5,50771335,,
298,FUTURO DO AMANHA,APULCRU DE ASSUNCAO 686 CASA ,SAN MARTIN,8187003014,5,50761320,,
299,GENERAL SAN MARTIN,GENERAL SAN MARTIN 1864 ,SAN MARTIN,8133553956,5,50761000,,
300,GOVERNADOR MIGUEL ARRAES DE ALENCAR,TAPAJOS 419 ,ESTANCIA,8133553683,5,50860015,,
301,HUGO GERDAU,CORONEL MIZAEL DE MENDONCA S/N ,SAN MARTIN,8186473764,5,50761425,,
302,INSTITUTO DE DESENVOLVIMENTO SOCIAL E CULTURAL - IDESC,338 ,AREIAS,8132523832,5,50780240,,
303,ISAAC PEREIRA DA SILVA,OITICICA LINS S/N ,AREIAS,8133554012,5,50870650,,
304,ISABEL SILVANA DE MELO,AVENIDA DOZE DE JUNHO SN ,BARRO,8194886367,5,51345003,,
305,JARDIM BOTANICO,ONZE DE AGOSTO CENTRO SOCIAL URBANO S/N BIDU KRAUS ,TOTO,8133550320,5,50791480,,
306,JARDIM UCHOA,PALMARES 211 AREIAS ,AREIAS,8133553620,5,50780270,,
307,MANOEL ROLIM,PAJUSSARA 57 ,TEJIPIO,8133554966,5,50920120,,
308,MANOEL ROLIM - ANEXO I,PAJUSSARA 60 CASA ,JARDIM SAO PAULO,8192844330,5,50920120,,
309,MARECHAL RONDON,3305 ,TEJIPIO,8133550064,5,50781350,,
310,MAURICEIA DA SILVA DIAS,PRESIDENTE MEDICI 35 ,BARRO,8134865696,5,51345720,,
311,NOSSO SENHOR JESUS DO BONFIM,TEIXEIRA DE MELO 56 ,ESTANCIA,8133553812,5,50865180,,
312,PADRE JOSE DE ANCHIETA,CAPITAO ADOLFO TAQUIS S/N ,MUSTARDINHA,8133554188,5,50761001,,
313,PADRE JOSE MATHIAS DELGADO,DOUTOR DEVALDO BORGES S/N ,JARDIM SAO PAULO,8133553538,5,50910390,,
314,PARQUE DOS MILAGRES,CANTOR LEANDRO S/N ,BARRO,8133556562,5,51275205,,
315,PARQUE DOS MILAGRES - ANEXO II,CANTOR CAPIBA 30 ,BARRO,8198780856,5,51275205,,
316,POETA CARLOS PENA FILHO,ITAMONTE 461 ,JARDIM SAO PAULO,8133554894,5,50810460,,
317,PRESIDENTE TANCREDO NEVES,DOUTOR JOSE RUFINO 1848 ,BARRO,8132322616,5,50900660,,
318,PROFESSOR ANTONIO DE BRITO ALVES,ERNESTO CAVALCANTI 41 ,MUSTARDINHA,8134482179,5,50760002,-8.07374535,-34.91799680281453
319,PROFESSOR POTIGUAR MATOS,VINTE E UM DE ABRIL 2191 ,SAN MARTIN,8133553054,5,50761350,-8.07272285,-34.92559560709154
320,PROFESSORA MARIA DA PAZ BRANDAO ALVES,DA FELICIDADE 51 ,SANCHO,8133554118,5,50920683,-8.08250435,-34.96130001724068
321,PROFESSORA PRIMITIVA DE BARROS SILVA,ATOR ELPIDIO CAMARA 122 ,JARDIM SAO PAULO,8133553446,5,50781590,,
322,RA CRECHE DE EDUCACAO INFANTIL,72 ,AREIAS,8191149012,5,50781300,,
323,RECIFE 2000,RIO SOLIMOES S/N ,AREIAS,8133553776,5,50780231,,
324,SANTA EDWIGES,JURITI 41 ,AFOGADOS,8186036153,5,50750590,,
325,SANTO ANTONIO DO CACOTE,GUARACI 16 ,AREIAS,8133553580,5,50870040,,
326,SOCIEDADE BENEFICENTE MISTA 12 DE OUTUBRO,63 ,AREIAS,,5,50870610,,
327,TIA MADALENA,39 ,CURADO,8135555952,5,50790465,,
328,UTEC CORDEIRO/COMPAZ-ARIANO SUASSUNA,GEN. SAN MARTIN 1083 ,SAN MARTIN,,5,50630901,,
329,UTEC ITINERANTE DE INFORMATICA MOVEL 5,RUA DA FELICIDADE S/N ,SANCHO,,5,50940683,,
330,VILA SAO MIGUEL,RUBIACEA 147 ,AFOGADOS,8133554052,5,50770790,,
331,WALDEMAR VALENTE,GASTAO DE CARVALHO 360 ,CURADO,8198628848,5,50790310,,
332,08 DE MARCO,ENGENHO BULHOES S/N ,IBURA,8133554357,6,51230325,,
333,14 BIS,ALMIRANTE NELSO FERNANDES SN ,BOA VIAGEM,8133550419,6,51030230,,
334,27 DE NOVEMBRO,DOZE DE JUNHO 1120 IBURA ,COHAB,8133553534,6,51345003,,
335,ABILIO GOMES,BRUNO VELOZO S/N ,BOA VIAGEM,8133553462,6,51021280,,
336,ALMOXARIFADO,SAO JOAO SANTOS FILHO 732 MURIBECA ,BOA VIAGEM,,6,54360030,,
337,ARITANA,MANOEL CAVALCANTI BEZERRA 37 ,IMBIRIBEIRA,8133554332,6,51160270,,
338,ARTISTA PLASTICO CICERO DIAS,JOAO JOAQUIM DE MELO FILHO 290 UR 05 ,COHAB,8133556294,6,51300000,,
339,ASA BRANCA,MARIA ADELAIDE CASTELO BRANCO 55 COHAB ,COHAB,8133556923,6,51290610,-8.124106399999999,-34.94929912921411
340,BEATO EUGENIO MAZENOD,LUXEMBURGO 303 ,IMBIRIBEIRA,8133556937,6,51180260,-8.10156375,-34.91358788026531
341,BERNARD VAN DER LEER,FRANCISCO VALPASSOS SN ,BRASILIA TEIMOSA,8133556554,6,51010370,,
342,BRASILIA TEIMOSA,DELFIM 55 ,BRASILIA TEIMOSA,8133553204,6,51010370,,
343,CAPELA SANTO ANTONIO,SAO MARCOS S/N ILHA DEUS ,IMBIRIBEIRA,8133554926,6,51150192,,
344,CARLUCIO DE SOUZA CASTANHA JUNIOR,PERNAMBUCO S/N UR 1 ,COHAB,8133553744,6,51280000,,
345,CENTRO SOCIAL GUARARAPES,33 ,JORDAO,8197234612,6,51260230,,
346,CICERO FRANKLIN CORDEIRO,FELIPE DOS SANTOS 111 UR 05 ,COHAB,8133553560,6,51320410,,
347,CLARICE LISPECTOR,S/N ,IPSEP,8133550074,6,51350380,,
348,CMEI NOVO PINA,EURICO VITRUVIO S/N ,PINA,8192696149,6,51011140,,
349,CRECHE BENEFICENTE AMIGUINHOS,176 ,BOA VIAGEM,8130312362,6,51030810,,
350,CRECHE BENEFICENTE SANTANA,293 ,IMBIRIBEIRA,8132232751,6,51200080,,
351,CRECHE COMUNITARIA NOSSA SENHORA DA BOA VIAGEM - ENTRA APULSO,430 ,BOA VIAGEM,8134669423,6,51021280,,
352,CRECHE CRISTO REI JORDAO ALTO,200 ALTO ,JORDAO,8133556648,6,51260390,,
353,CRECHE ESCOLA CRISTO REI,RUA SERT,JORDAO,,6,,,
354,CRECHE ESCOLA RECIFE DO IBURA,EXPEDICIONARIO FRANCISCO VITORIANO S/N UR 10 ,COHAB,8133553076,6,51310000,,
355,CRECHE ILHA DE DEUS,S/N,IMBIRIBEIRA,,6,,,
356,CRECHE IMBIRIBEIRA,96,IMBIRIBEIRA,,6,,,
357,CRECHE MUNICIPAL DO JORDAO BAIXO,SAO JOSE DA LAGE 19 QUADRA 39 ,IBURA,8133554848,6,51240755,,
358,CRISTIANO CORDEIRO,SANTOS S/N UR2 ,COHAB,8133553796,6,51340210,,
359,DE DOIS RIOS,IRMA MARIA EVANGELISTA 83 ,COHAB,8133553600,6,51030330,,
360,DEPUTADO EDSON CANTARELLI,RUBINEIA 49 ,IBURA,8133553788,6,51240320,-8.129863799999999,-34.93866669439949
361,DO JORDAO,SILVA JARDIM 175 ,JORDAO,8133556901,6,51250102,,
362,DO LEAO,BRUNO VELOSO 300 ,BOA VIAGEM,8133553872,6,51021280,,
363,DONA LUCI SILVA LIMA,MONACO 1138 ,IMBIRIBEIRA,8133554333,6,51180180,-8.0987948,-34.9167013
364,EDUCADOR PAULO FREIRE,GENERAL BENTO DA GAMA 301 ,IPSEP,8133553952,6,51350450,-8.110297249999999,-34.923757049790204
365,ENGENHEIRO GUILHERME DINIZ,TEREZA MARGARIDA S/N ,IBURA,8133553825,6,54230432,,
366,ENGENHEIRO HENOCH COUTINHO DE MELO,DAS OFICINAS 12 ,PINA,8133053342,6,51011685,,
367,ENGENHEIRO UMBERTO GONDIM,IVONETE FERREIRA DA SILVA 13 ,PINA,8133053465,6,51011685,,
368,ESCRITOR JOSUE DE CASTRO,CARAPEBA S/N ,BRASILIA TEIMOSA,8133554241,6,51010420,,
369,ESTRELA DA MANHA,DANCING DAYS 135 ,IMBIRIBEIRA,8133554818,6,51180340,,
370,FERNANDO SANTA CRUZ,BOANERGES PEREIRA 437 ,JORDAO,8133554500,6,51260000,-8.13717155,-34.94361216393729
371,FLORESTAN FERNANDES,RIO NOVO DO SUL 541 ,IBURA,8133554938,6,54230150,,
372,FUTURO FELIZ,IBIRAJUBA 440 ,IBURA,8133554942,6,51330200,-8.1256876,-34.95832685600146
373,GOVERNADOR EDUARDO CAMPOS,VALE DO CARIRI S/N ,COHAB,8133550421,6,51300000,,
374,GRUPO DE MAES DO IPSEP - CRECHE BRASIL,623 ,IPSEP,8132228574,6,51350190,,
375,IBURA DE BAIXO,RIO NOVO DO SUL 498 ,IBURA,8133554950,6,51230050,,
376,INES SOARES DE LIMA,14 DE NOVEMBRO S/N ,IMBIRIBEIRA,8133554044,6,51150380,,
377,JARDIM MAURICEIA,NICOLAU COPERNICO 1107 ,IMBIRIBEIRA,8133553688,6,51180130,,
378,JARDIM MONTE VERDE,CHAPADA DO ARARIPE 51 MONT VERDE ,COHAB,8133554959,6,51340255,,
379,JESUS DE NAZARE,ANGATUBA S/N ,IBURA,8133556974,6,51240715,,
380,JORDAO BAIXO,GOVERNADOR ROBERTO SILVEIRA 51 ,JORDAO,8133556314,6,51260340,-8.130991550000001,-34.93880630235523
381,JORDAO BAIXO - ANEXO I,GOVERNADOR ROBERTO DA SILVEIRA 52 JORD BAIXO ,JORDAO,8133556314,6,51250340,,
382,JOSE DE SOUZA FERRAZ,RUA JACUNDA 573 ,IPSEP,8133554767,6,51350080,,
383,JOSE MUCIO MONTEIRO,JOAO RIO BRANCO DE LIMA 125 ,COHAB,8133553609,6,51320540,-8.12746205,-34.95292109865863
384,KARLA PATRICIA,PROFESSOR EDUARDO WANDERLEY FILHO 700 ,BOA VIAGEM,8133554040,6,51020170,-8.1087884,-34.89582118824406
385,LAGOA ENCANTADA,DOUTOR BENIGNO JORDAO DE VASCONCELOS S/N LAGOA ENC. ,COHAB,8133556315,6,51280400,,
386,LUIZ VAZ DE CAMOES,ERVAL 508 ,IPSEP,8133553941,6,51350080,,
387,MAESTRO NELSON FERREIRA,AVELINO CHAVES 176 ,IBURA,8198622295,6,51240230,-8.1254198,-34.935836721792214
388,MARGARIDA SERPA COSSART,MECEJANA 09 UR 2 ,COHAB,8133553649,6,51340610,,
389,MARIA ADELAIDE DE BARROS,ALTO ERVAL NOVO S/N COHAB UR10 ,COHAB,8133553434,6,51310090,,
390,MARIA DE SAMPAIO LUCENA,PERNAMBUCO S/N UR 01 ,COHAB,8133556586,6,51280000,,
391,MENINO JESUS,DOMINGOS FERREIRA S/N ,PINA,8133553449,6,51011051,,
392,MILTON ALMEIDA DOS SANTOS,ITAUBA 2 227 ,IMBIRIBEIRA,8133554979,6,51150370,,
393,NOSSA SENHORA DA PENHA,FRANCISCO DE BARROS BARRETO 109 ,BOA VIAGEM,8133553564,6,51021550,,
394,NOVO PINA,EURICO VITRUVIO 236 ,PINA,8133554114,6,51011140,-8.09145455,-34.88828329950283
395,OSWALDO LIMA FILHO,ENGENHEIRO DOMINGOS FERREIRA 1040 ,PINA,8133553928,6,51011050,,
396,PADRE LOURENCO,CONDE PEREIRA CARNEIRO 172 ,IMBIRIBEIRA,8133553081,6,51150310,,
397,PAIS E FILHOS,DANCING DAYS 21 ,IMBIRIBEIRA,8133556498,6,51180340,,
398,PASTOR JOSE MUNGUBA SOBRINHO,SILVA JARDIM 145 ,JORDAO,8133554069,6,50750080,-8.139483949999999,-34.928681086974834
399,PAZ E AMOR,JORNALISTA EDSOU REGIS 216 ,IBURA,8199002445,6,51220000,,
400,PINTOR LULA CARDOSO AYRES,DR ALVARO FERRAZ 594 QUADRA P ,JORDAO,8133556346,6,51250350,,
401,POETA JOAO CABRAL DE MELO NETO,ENCANTA MOCA 377 ,PINA,8133556306,6,51011080,-8.0916539,-34.88587914508144
402,POETA PAULO BANDEIRA DA CRUZ,DAS PANELAS 28 UR2 ,COHAB,8132323136,6,51340600,,
403,PROF JOSE LOURENCO DE LIMA,NOVA AMERICA 168 A BELA VIS ,IBURA,8133556502,6,51240380,,
404,PROFESSOR ADAUTO PONTES,SERTANIA 35 ALTO ,JORDAO,8133554990,6,51260390,-8.13550665,-34.944724261712345
405,PROFESSOR ENALDO MANOEL DE SOUZA,JURACY CAMARGO S/N ALTO ,JORDAO,8133553624,6,51260170,,
406,PROFESSOR JULIO DE OLIVEIRA,DEZESSEIS S/N RUA 16 ,IMBIRIBEIRA,8133553510,6,51150230,,
407,PROFESSOR MANOEL TORRES,JOAQUIM PINHEIRO 225 ,IMBIRIBEIRA,8133553925,6,51030771,,
408,PROFESSOR ORLANDO PARAHYM,SOLDADO VIRGILIO LUCIO 104 UR4 1 TV. ,COHAB,8133556002,6,51300160,,
409,PROFESSOR SIMOES BARBOSA,DOIS RIOS S/N ,IBURA,8133553920,6,51230000,,
410,PROFESSOR SOLANO MAGALHAES,JEMIL ASFORA S/N ,PINA,8133553985,6,51110200,,
411,PROFESSORA SONIA MARIA DE ARAUJO SOUZA,BODOCO 2526 BAIXO ,JORDAO,8133554556,6,51260090,-8.136955799999999,-34.942555509288276
412,PROJETO SOCIAL MARIA AMELIA,163 ,COHAB,8199071001,6,51290500,,
413,SALETE MATIAS BORGES,S/N ,IMBIRIBEIRA,8133553225,6,51180260,,
414,SAO FRANCISCO DE ASSIS,COSMORAMA 900 ,BOA VIAGEM,8133550029,6,51030640,,
415,SENADOR PAULO GUERRA,ENGENHO CANTO ALEGRE S/N ,IMBIRIBEIRA,8133553291,6,51150080,,
416,SERRA DA PRATA,PESSEGUEIROS 20 UR 05 ,COHAB,8133556018,6,51330530,,
417,SEVERINA BERNADETE TEIXEIRA,IBICARE 120 3 CARNEIRO ,COHAB,8133556023,6,51330110,,
418,SITIO GRANDE,PADRE CARLOS LEONCIO 123 ,IMBIRIBEIRA,8133553740,6,51170400,,
419,SONHO DE CRIANCA,TEOTONIO DE MELO FILHO 218 ,IBURA,8133556621,6,51220080,,
420,SONHO DO POVO,CORDILHEIRA S/N UR 01 ,COHAB,8133554364,6,51280000,,
421,TRES CARNEIROS,IBIRAJA 12 TRES CARNE ,COHAB,8133556026,6,51330190,,
422,UR 05,DESEMBARGADOR THOMAZ CYRILO WANDERLEY 48 UR 05 ,COHAB,8133556030,6,51300441,,
423,UTEC MOVEL 6,ALMIRANTE NELSON FERNANDES S/N ,BOA VIAGEM,8133550416,6,51030230,,
424,VILA DOS MILAGRES,SAO MIGUEL 14 MILAGRES ,COHAB,8133554866,6,51345600,,
425,VILA OPERARIA DO RECIFE,EMILIO MONTEIRO FONSECA 1530 ,IBURA,8133556579,6,51240490,,
426,VILA SESAMO,VALE DO CARIRI 65 UR 05 ,COHAB,8133553160,6,51320180,,
427,ZILDA ARNS,ANTONIO PAES BARRETO S/N LOTE 1 Q K ,IMBIRIBEIRA,8133554306,6,51160170,,
